item_id,order_id,product_id,quantity,unit_price,discount_percent
I001,O026,P106,-5,8611,34
I002,O340,P296,3,22946,10
I003,O152,P057,1,49971,64
I004,O171,P300,1,2157,79
I005,O206,P489,1,1750,82
I006,O220,P072,1,43438,12
I007,O470,P259,1,23918,3
I008,O465,P058,4,43076,40
I009,O464,P433,3,12040,24
I010,O184,P249,3,56420,8
I011,O403,P319,3,16935,42
I012,O099,P058,3,24992,8
I013,O202,P402,3,12646,41
I014,O078,P089,3,26993,70
I015,O169,P014,3,30868,23
I016,O429,P307,5,55939,11
I017,O355,P140,4,33699,21
I018,O273,P456,4,35659,35
I019,O239,P359,3,42798,9
I020,O051,P057,5,53713,4
I021,O488,P020,4,49316,56
I022,O228,P318,5,46372,63
I023,O445,P238,4,55898,41
I024,O060,P040,1,531,83
I025,O064,P042,5,5959,59
I026,O231,P120,2,9148,35
I027,O085,P305,3,53155,51
I028,O028,P232,3,20254,19
I029,O189,P193,5,7749,15
I030,O359,P098,5,38266,59
I031,O090,P443,2,19500,51
I032,O161,P070,1,14118,50
I033,O287,P218,2,35578,88
I034,O331,P487,4,14778,44
I035,O245,P351,5,6078,37
I036,O485,P278,3,53905,23
I037,O031,P281,3,50211,9
I038,O323,P374,1,1124,57
I039,O064,P218,2,46554,47
I040,O185,P185,2,57429,78
I041,O472,P433,2,43359,11
I042,O175,P003,5,22652,41
I043,O395,P008,4,44373,2
I044,O343,P089,4,27929,77
I045,O289,P334,3,4456,79
I046,O378,P033,3,42132,84
I047,O324,P031,1,59345,69
I048,O005,P026,1,35406,14
I049,O384,P007,2,42895,16
I050,O235,P221,4,44636,28
I051,O413,P069,-2,11398,15
I052,O043,P346,4,3163,9
I053,O338,P385,4,22194,66
I054,O072,P273,3,57322,4
I055,O450,P057,3,4623,44
I056,O425,P212,4,1078,43
I057,O290,P135,5,35828,69
I058,O052,P432,4,13204,72
I059,O231,P275,3,56827,97
I060,O038,P077,1,26517,82
I061,O128,P438,2,16473,59
I062,O378,P401,5,55093,100
I063,O142,P157,1,24254,0
I064,O057,P373,2,35167,39
I065,O284,P467,5,13862,65
I066,O434,P435,2,56021,93
I067,O471,P447,2,40658,92
I068,O303,P478,5,9688,39
I069,O324,P457,4,5353,8
I070,O215,P025,2,54661,27
I071,O119,P299,1,442,50
I072,O233,P423,4,44549,14
I073,O001,P208,2,4824,88
I074,O377,P045,3,13830,57
I075,O464,P491,5,52065,11
I076,O314,P182,2,20558,23
I077,O108,P030,5,36243,97
I078,O315,P225,1,20153,29
I079,O063,P357,2,49212,19
I080,O232,P244,3,43951,27
I081,O427,P126,2,53107,21
I082,O240,P440,5,6868,93
I083,O270,P167,3,37164,14
I084,O384,P121,2,30716,64
I085,O142,P407,2,17920,34
I086,O500,P113,2,52098,73
I087,O486,P271,5,4743,33
I088,O143,P223,4,18951,46
I089,O004,P227,1,49957,30
I090,O315,P212,2,3995,75
I091,O102,P010,1,43448,67
I092,O383,P299,1,32916,21
I093,O271,P035,4,52124,46
I094,O235,P378,1,13684,92
I095,O333,P317,5,37717,53
I096,O225,P477,2,7590,99
I097,O003,P144,3,10542,34
I098,O180,P147,3,22994,9
I099,O255,P413,4,15194,77
I100,O043,P086,3,19264,7
I101,O193,P384,4,9341,6
I102,O241,P294,4,54735,5
I103,O261,P275,2,36396,68
I104,O382,P153,5,825,16
I105,O355,P323,4,43288,21
I106,O477,P275,4,35307,44
I107,O287,P347,2,14611,25
I108,O263,P233,2,54014,56
I109,O456,P032,5,12843,6
I110,O429,P416,4,9241,44
I111,O195,P038,1,53742,58
I112,O328,P114,1,3292,14
I113,O288,P141,3,46400,78
I114,O147,P259,1,29324,72
I115,O389,P406,1,10944,70
I116,O419,P263,1,35719,56
I117,O260,P107,2,10243,58
I118,O313,P286,4,23559,82
I119,O357,P260,5,28304,74
I120,O221,P436,4,9863,26
I121,O224,P165,2,6457,7
I122,O337,P436,3,11672,40
I123,O416,P120,5,28541,57
I124,O301,P246,4,35899,13
I125,O216,P179,1,20459,62
I126,O472,P153,5,54576,55
I127,O482,P472,1,59128,2
I128,O176,P425,2,38504,69
I129,O337,P306,2,55392,83
I130,O257,P444,5,28869,64
I131,O002,P486,5,48736,98
I132,O199,P325,1,24942,85
I133,O020,P371,4,50235,37
I134,O091,P339,-1,51478,5
I135,O039,P055,4,16835,14
I136,O276,P004,-3,1403,14
I137,O329,P409,4,41402,11
I138,O286,P096,4,40108,92
I139,O215,P207,2,51974,67
I140,O232,P363,1,2761,1
I141,O011,P011,5,11397,56
I142,O289,P404,2,27590,37
I143,O011,P165,4,30876,94
I144,O375,P163,3,43692,46
I145,O137,P451,1,4429,88
I146,O294,P034,4,33102,5
I147,O230,P037,5,14831,63
I148,O011,P015,5,26909,59
I149,O288,P350,5,44052,15
I150,O146,P047,3,15040,63
I151,O184,P203,4,50851,6
I152,O028,P373,4,10882,32
I153,O058,P421,3,35722,25
I154,O305,P265,3,54040,89
I155,O419,P196,5,6038,78
I156,O174,P267,4,2250,57
I157,O105,P483,3,31797,92
I158,O024,P168,1,42959,8
I159,O394,P432,1,32603,57
I160,O364,P447,2,55575,1
I161,O087,P192,2,26365,83
I162,O440,P412,4,5806,2
I163,O118,P395,2,39511,25
I164,O416,P122,3,1149,81
I165,O050,P240,3,42607,39
I166,O462,P316,3,36966,28
I167,O365,P022,3,18696,1
I168,O158,P020,3,6709,27
I169,O267,P239,2,15694,95
I170,O400,P369,3,54294,44
I171,O077,P417,1,24528,48
I172,O382,P008,2,1192,68
I173,O227,P160,2,54123,21
I174,O117,P327,3,20258,76
I175,O031,P351,1,31661,62
I176,O451,P375,1,10066,66
I177,O096,P151,2,21592,59
I178,O386,P301,1,44019,3
I179,O152,P331,3,24406,74
I180,O422,P368,4,50509,2
I181,O018,P032,4,14285,31
I182,O262,P351,4,28254,28
I183,O357,P125,-1,39233,100
I184,O191,P396,3,45075,98
I185,O372,P275,1,51885,75
I186,O151,P436,1,49796,57
I187,O134,P312,5,22039,6
I188,O112,P215,4,51484,59
I189,O095,P069,3,52711,14
I190,O208,P167,3,26627,30
I191,O283,P361,5,48261,23
I192,O182,P131,3,17239,81
I193,O401,P388,5,55962,48
I194,O491,P146,2,35368,20
I195,O311,P026,5,50617,94
I196,O455,P479,4,17788,23
I197,O193,P094,3,702,15
I198,O155,P076,-1,17366,10
I199,O205,P230,4,52085,17
I200,O222,P152,1,23302,54
I201,O129,P450,1,4285,68
I202,O350,P114,2,3481,69
I203,O102,P210,5,59926,5
I204,O091,P466,-2,5340,44
I205,O335,P249,1,38899,95
I206,O193,P174,1,22600,79
I207,O048,P077,4,36877,24
I208,O366,P353,2,16311,70
I209,O347,P299,1,1036,3
I210,O119,P463,1,37959,73
I211,O164,P290,1,7242,45
I212,O008,P485,3,6552,32
I213,O034,P121,1,9546,99
I214,O348,P341,1,24996,42
I215,O111,P216,1,38764,68
I216,O201,P080,3,15182,85
I217,O261,P146,3,55577,15
I218,O132,P175,5,9383,49
I219,O398,P454,4,28977,70
I220,O162,P054,1,51394,40
I221,O083,P193,5,21450,100
I222,O086,P093,2,39044,36
I223,O117,P329,1,59870,11
I224,O239,P372,5,16530,67
I225,O220,P209,5,33741,90
I226,O071,P045,5,58852,52
I227,O180,P434,4,22965,34
I228,O411,P163,3,59809,61
I229,O272,P015,4,53307,70
I230,O365,P196,1,37651,90
I231,O187,P228,5,49144,72
I232,O043,P175,3,49835,83
I233,O197,P159,2,2488,32
I234,O016,P411,5,34037,82
I235,O469,P313,4,41873,26
I236,O213,P088,1,17398,43
I237,O248,P183,4,21028,41
I238,O401,P472,2,27337,73
I239,O425,P397,3,10434,61
I240,O396,P291,1,29015,5
I241,O295,P372,4,39449,84
I242,O120,P318,5,12044,37
I243,O427,P106,2,25009,67
I244,O424,P218,5,1897,3
I245,O097,P037,1,23131,9
I246,O477,P399,3,17607,93
I247,O231,P407,1,25418,18
I248,O399,P500,5,55399,13
I249,O143,P059,4,57107,48
I250,O037,P309,2,33412,23
I251,O172,P287,5,17329,33
I252,O467,P351,3,40402,78
I253,O194,P346,5,18394,86
I254,O195,P138,3,47855,79
I255,O481,P212,2,43900,77
I256,O469,P173,3,5678,94
I257,O103,P317,2,35451,11
I258,O204,P395,1,28441,52
I259,O082,P134,-2,36778,80
I260,O341,P460,4,34156,88
I261,O181,P328,1,26975,76
I262,O138,P188,3,11232,38
I263,O408,P089,4,38166,29
I264,O238,P287,4,15159,94
I265,O318,P078,1,29591,12
I266,O405,P382,1,11995,12
I267,O343,P001,3,4542,33
I268,O228,P086,5,5190,27
I269,O327,P429,4,49283,3
I270,O384,P170,-1,57229,19
I271,O459,P246,2,25274,8
I272,O161,P087,3,3395,46
I273,O201,P225,4,49652,64
I274,O496,P093,2,17326,57
I275,O007,P486,5,48697,32
I276,O453,P279,4,56029,41
I277,O109,P398,5,52907,90
I278,O125,P266,3,4323,84
I279,O487,P375,1,17921,78
I280,O474,P205,4,965,94
I281,O491,P362,5,26524,24
I282,O046,P447,5,19346,19
I283,O066,P332,-3,25747,82
I284,O110,P342,5,16832,52
I285,O180,P258,2,12894,97
I286,O499,P363,5,55592,10
I287,O065,P391,5,7062,75
I288,O349,P274,4,41016,26
I289,O170,P043,1,47069,0
I290,O430,P102,5,13550,58
I291,O383,P262,5,10980,49
I292,O023,P462,1,34986,5
I293,O310,P243,3,35379,75
I294,O011,P289,3,21167,42
I295,O067,P300,2,22431,54
I296,O304,P207,4,39628,57
I297,O316,P045,3,38830,78
I298,O176,P215,1,16663,65
I299,O137,P394,2,57861,91
I300,O124,P478,3,31893,82
I301,O011,P007,4,44606,32
I302,O202,P279,2,38458,56
I303,O213,P342,4,16275,90
I304,O299,P076,3,18467,59
I305,O129,P232,2,28759,94
I306,O353,P038,5,40187,63
I307,O011,P286,5,5591,54
I308,O066,P022,3,57314,43
I309,O097,P459,4,32279,7
I310,O093,P395,2,22859,87
I311,O426,P286,3,30024,19
I312,O337,P303,1,30951,28
I313,O465,P297,1,27915,43
I314,O325,P292,2,37353,59
I315,O258,P207,4,5869,52
I316,O141,P030,4,59877,24
I317,O254,P206,2,32407,69
I318,O368,P334,3,16801,62
I319,O204,P183,3,53470,68
I320,O331,P025,1,17644,66
I321,O210,P362,4,57562,23
I322,O266,P343,4,23413,20
I323,O138,P058,3,2103,64
I324,O303,P055,1,37907,100
I325,O215,P223,5,46628,51
I326,O084,P290,1,40993,57
I327,O480,P316,5,36999,22
I328,O133,P306,3,44226,38
I329,O277,P041,1,11483,41
I330,O146,P150,3,7441,83
I331,O460,P497,4,22211,71
I332,O247,P399,3,34353,80
I333,O294,P227,4,23062,60
I334,O025,P356,5,24694,52
I335,O337,P083,4,59787,12
I336,O462,P406,3,14665,95
I337,O406,P093,2,6429,76
I338,O013,P028,2,12511,11
I339,O037,P208,4,12547,34
I340,O228,P072,3,53348,79
I341,O014,P184,5,21567,13
I342,O419,P100,4,44190,61
I343,O165,P101,5,12919,55
I344,O020,P325,2,23779,52
I345,O130,P277,3,51779,0
I346,O105,P456,3,17349,63
I347,O441,P443,1,41459,40
I348,O359,P371,2,50062,14
I349,O101,P271,2,5999,39
I350,O223,P173,4,8040,8
I351,O314,P104,1,12375,62
I352,O297,P473,4,54628,29
I353,O463,P132,1,13485,92
I354,O406,P433,4,46590,9
I355,O059,P407,2,2190,46
I356,O269,P387,3,17575,41
I357,O278,P100,2,24879,90
I358,O233,P125,1,19729,66
I359,O228,P493,2,42587,78
I360,O441,P060,3,41404,56
I361,O438,P092,-2,4156,2
I362,O300,P393,4,43351,58
I363,O439,P460,1,2449,28
I364,O437,P375,4,8186,69
I365,O007,P363,4,2895,65
I366,O069,P034,1,49576,64
I367,O003,P032,4,27886,6
I368,O011,P063,1,1189,69
I369,O072,P187,4,12403,23
I370,O358,P147,1,43457,94
I371,O060,P469,1,48733,7
I372,O396,P415,5,8940,28
I373,O217,P248,1,41158,45
I374,O289,P028,3,21857,1
I375,O035,P275,2,59259,39
I376,O315,P021,2,51291,1
I377,O437,P453,3,58346,58
I378,O217,P350,4,10091,49
I379,O025,P198,5,17546,7
I380,O452,P080,3,9850,73
I381,O114,P333,5,59302,7
I382,O069,P135,3,45500,87
I383,O453,P270,2,58197,15
I384,O146,P246,2,45719,92
I385,O363,P026,2,5533,49
I386,O432,P424,3,43741,5
I387,O057,P219,3,48682,79
I388,O317,P041,1,36105,21
I389,O122,P089,5,27717,8
I390,O161,P089,1,13246,7
I391,O443,P431,2,36721,84
I392,O301,P218,5,8274,49
I393,O024,P452,2,18699,39
I394,O199,P148,3,27947,68
I395,O336,P199,1,17105,66
I396,O169,P158,1,20280,52
I397,O065,P304,2,49402,20
I398,O080,P287,-3,54014,33
I399,O135,P244,2,53810,45
I400,O233,P409,5,18993,71
I401,O113,P376,5,51110,39
I402,O405,P329,5,57295,42
I403,O210,P341,1,14976,4
I404,O273,P124,5,6778,13
I405,O271,P219,4,27609,28
I406,O204,P004,4,26661,21
I407,O247,P173,4,34484,97
I408,O192,P031,5,33649,76
I409,O392,P026,1,55210,76
I410,O133,P045,2,53648,54
I411,O236,P366,3,5741,54
I412,O293,P278,5,57211,73
I413,O169,P365,5,3378,23
I414,O262,P042,2,3407,74
I415,O140,P270,4,25786,67
I416,O397,P130,4,21575,42
I417,O193,P281,1,49471,54
I418,O345,P473,2,24860,93
I419,O045,P011,4,6654,86
I420,O397,P393,5,31215,75
I421,O470,P085,2,39313,71
I422,O293,P250,1,31015,45
I423,O446,P484,2,9408,64
I424,O158,P149,2,39826,98
I425,O493,P108,3,23847,80
I426,O153,P024,3,54271,8
I427,O363,P494,1,41270,16
I428,O287,P376,-3,49052,50
I429,O256,P484,1,7194,89
I430,O102,P198,3,2008,36
I431,O092,P295,3,53750,93
I432,O315,P052,-3,30238,12
I433,O301,P363,1,25011,87
I434,O402,P302,2,25491,88
I435,O326,P057,2,48847,74
I436,O048,P267,5,17156,84
I437,O148,P377,2,1523,58
I438,O099,P475,5,22177,26
I439,O394,P390,4,21259,30
I440,O120,P243,4,46980,57
I441,O443,P147,2,56757,63
I442,O246,P359,4,12991,77
I443,O044,P131,5,14405,87
I444,O233,P400,2,29653,67
I445,O397,P362,3,4304,64
I446,O334,P323,1,39053,13
I447,O227,P346,2,24578,37
I448,O346,P295,2,38414,17
I449,O106,P101,3,7409,66
I450,O009,P312,3,34751,71
I451,O490,P500,2,57332,90
I452,O234,P145,1,56075,68
I453,O250,P074,3,41346,22
I454,O429,P202,4,26965,84
I455,O182,P261,4,54160,67
I456,O004,P120,3,23518,64
I457,O296,P457,1,54691,82
I458,O119,P449,3,56343,7
I459,O257,P381,3,52253,32
I460,O153,P328,1,34974,23
I461,O195,P083,1,38133,32
I462,O437,P500,1,47837,57
I463,O314,P262,3,12527,47
I464,O363,P076,1,20803,91
I465,O038,P454,5,40021,39
I466,O319,P251,5,44230,43
I467,O224,P365,5,21693,14
I468,O078,P319,4,6778,52
I469,O397,P411,3,22085,9
I470,O262,P320,2,25566,64
I471,O040,P305,2,22025,90
I472,O353,P369,3,53067,64
I473,O401,P180,2,21290,4
I474,O402,P324,4,42443,98
I475,O238,P290,1,58762,80
I476,O498,P452,4,51297,0
I477,O237,P062,1,4689,34
I478,O428,P419,3,48211,22
I479,O237,P270,5,59104,36
I480,O341,P397,4,2396,25
I481,O107,P279,3,45281,84
I482,O363,P098,3,12128,38
I483,O489,P019,1,38884,2
I484,O103,P105,2,18236,27
I485,O481,P209,4,16707,91
I486,O383,P108,3,37545,1
I487,O209,P055,5,59046,0
I488,O471,P220,1,20091,81
I489,O356,P474,4,21549,60
I490,O216,P081,2,7042,71
I491,O157,P160,3,26608,44
I492,O328,P198,1,13311,39
I493,O362,P382,1,28048,42
I494,O292,P056,4,13980,73
I495,O452,P033,2,55927,81
I496,O205,P090,3,2698,83
I497,O285,P199,1,793,3
I498,O077,P282,1,27264,64
I499,O284,P295,5,39525,35
I500,O053,P298,5,28569,22
I501,O282,P125,4,49377,14
I502,O431,P159,5,27595,42
I503,O037,P162,2,609,48
I504,O080,P217,3,5796,81
I505,O040,P397,3,34066,93
I506,O041,P350,5,23773,1
I507,O498,P158,1,47280,6
I508,O191,P352,4,9260,53
I509,O366,P124,1,58753,42
I510,O354,P256,1,23777,47
I511,O255,P338,1,14244,88
I512,O141,P135,4,2226,38
I513,O347,P334,1,48682,7
I514,O154,P379,2,15993,51
I515,O156,P155,2,27077,19
I516,O458,P225,3,51832,35
I517,O351,P143,2,12873,21
I518,O323,P047,2,2500,0
I519,O308,P031,-4,18334,70
I520,O282,P481,1,16025,96
I521,O123,P372,-2,50260,36
I522,O419,P117,1,42133,56
I523,O232,P060,4,8088,90
I524,O284,P104,5,38681,63
I525,O330,P300,2,29630,30
I526,O144,P415,2,20966,54
I527,O260,P308,5,34323,79
I528,O423,P066,2,50681,57
I529,O371,P198,5,26491,27
I530,O356,P055,3,13073,33
I531,O301,P029,4,52960,25
I532,O130,P454,3,12755,80
I533,O145,P417,3,20186,14
I534,O283,P326,-5,28072,73
I535,O217,P199,4,57321,57
I536,O491,P412,2,32767,82
I537,O311,P328,1,9550,49
I538,O219,P425,1,684,55
I539,O070,P116,4,11709,71
I540,O124,P453,4,26798,51
I541,O346,P362,1,17633,75
I542,O406,P011,4,49286,29
I543,O427,P042,4,6882,64
I544,O170,P458,3,59007,31
I545,O313,P457,5,30427,53
I546,O162,P357,1,52838,16
I547,O197,P295,5,24514,92
I548,O024,P362,3,30565,61
I549,O158,P226,5,56408,60
I550,O373,P037,4,24255,88
I551,O161,P402,4,28952,78
I552,O059,P253,2,9111,45
I553,O420,P278,2,52425,40
I554,O167,P314,4,39962,3
I555,O426,P252,2,36772,40
I556,O335,P170,5,6480,27
I557,O007,P292,4,1492,85
I558,O434,P401,-2,33149,84
I559,O402,P151,2,22106,2
I560,O246,P007,1,17240,30
I561,O311,P349,1,45488,21
I562,O259,P315,3,59104,38
I563,O438,P488,1,28686,70
I564,O055,P393,1,35246,69
I565,O332,P102,5,34654,47
I566,O373,P252,4,28462,54
I567,O237,P488,5,41357,34
I568,O139,P226,3,40767,94
I569,O215,P207,3,17181,26
I570,O253,P480,4,35090,0
I571,O034,P166,2,21925,15
I572,O266,P315,2,18633,90
I573,O201,P358,5,12980,85
I574,O039,P175,4,1335,48
I575,O197,P409,5,13317,93
I576,O191,P436,4,30576,21
I577,O116,P324,2,13822,100
I578,O122,P084,4,28284,41
I579,O104,P280,1,25326,40
I580,O302,P009,2,59936,12
I581,O343,P495,1,23471,73
I582,O095,P457,4,58630,99
I583,O417,P261,1,41931,75
I584,O174,P309,5,863,24
I585,O086,P232,3,41089,51
I586,O097,P196,2,8874,82
I587,O388,P484,3,46594,24
I588,O291,P087,3,47438,67
I589,O291,P241,3,40838,60
I590,O070,P002,3,13610,61
I591,O244,P360,5,23609,71
I592,O101,P194,5,20599,15
I593,O327,P290,3,34647,0
I594,O165,P477,2,46829,20
I595,O351,P040,5,28449,42
I596,O194,P139,4,47381,75
I597,O198,P236,5,19128,23
I598,O230,P045,1,38783,85
I599,O206,P170,3,59923,5
I600,O178,P259,3,44725,56
I601,O299,P301,1,15472,46
I602,O392,P481,1,36617,22
I603,O241,P374,5,43435,18
I604,O335,P242,2,44615,73
I605,O088,P046,5,21584,57
I606,O199,P472,1,6027,63
I607,O144,P154,3,36784,34
I608,O376,P356,-5,38383,34
I609,O107,P494,1,53847,98
I610,O498,P001,2,52198,96
I611,O123,P316,4,3417,89
I612,O319,P462,4,34821,93
I613,O276,P123,5,41876,38
I614,O365,P155,3,52686,11
I615,O266,P336,2,45906,90
I616,O045,P010,2,6647,10
I617,O001,P262,5,32479,82
I618,O388,P318,5,29545,42
I619,O365,P166,3,20795,83
I620,O483,P329,3,49927,39
I621,O080,P394,5,50988,3
I622,O217,P130,4,25913,94
I623,O447,P154,1,12239,51
I624,O119,P464,1,48756,5
I625,O035,P340,5,21856,85
I626,O328,P364,2,32530,79
I627,O018,P419,2,42255,12
I628,O286,P064,5,41090,57
I629,O147,P344,2,42544,98
I630,O001,P316,1,27320,97
I631,O050,P216,5,15145,7
I632,O449,P271,4,18104,57
I633,O250,P174,5,34592,44
I634,O451,P423,4,49477,44
I635,O456,P350,4,37826,82
I636,O051,P064,3,29934,13
I637,O115,P206,3,28188,34
I638,O102,P452,1,3690,80
I639,O190,P422,2,40020,23
I640,O367,P066,1,31896,67
I641,O429,P218,1,17229,5
I642,O264,P336,4,52264,25
I643,O438,P089,4,23301,83
I644,O145,P168,5,54125,29
I645,O287,P265,5,58674,21
I646,O414,P225,4,16286,53
I647,O500,P352,3,4673,56
I648,O007,P420,4,21388,38
I649,O385,P477,2,38054,56
I650,O278,P136,5,51272,75
I651,O195,P380,5,43792,36
I652,O235,P096,5,16676,14
I653,O499,P420,5,22261,37
I654,O048,P445,3,18264,23
I655,O169,P250,5,55172,30
I656,O173,P025,2,42098,5
I657,O100,P290,4,46123,10
I658,O465,P046,2,33636,20
I659,O103,P069,5,40280,82
I660,O055,P276,2,22867,3
I661,O012,P187,1,7312,1
I662,O243,P451,4,56469,26
I663,O264,P490,1,59738,24
I664,O110,P311,1,30060,65
I665,O241,P263,4,44919,34
I666,O087,P438,3,37641,19
I667,O394,P338,3,54203,51
I668,O283,P274,3,13079,16
I669,O460,P407,5,29271,50
I670,O251,P098,2,58502,59
I671,O341,P260,4,47537,22
I672,O356,P279,2,9124,30
I673,O314,P230,1,48570,92
I674,O183,P010,5,3984,88
I675,O085,P409,5,49196,68
I676,O135,P322,4,19045,2
I677,O296,P469,4,17514,41
I678,O226,P264,2,40804,59
I679,O003,P233,4,24883,19
I680,O399,P246,3,57236,52
I681,O177,P062,2,2661,44
I682,O477,P066,3,35648,96
I683,O466,P281,2,17475,66
I684,O139,P100,4,46293,16
I685,O471,P128,2,37311,40
I686,O151,P296,4,20999,3
I687,O011,P497,4,54298,72
I688,O325,P080,-3,50814,84
I689,O326,P335,1,21422,34
I690,O227,P420,5,44693,55
I691,O082,P424,3,17758,51
I692,O433,P257,3,54888,22
I693,O168,P198,4,58358,39
I694,O295,P186,1,3150,5
I695,O496,P475,1,26936,4
I696,O120,P167,4,28010,78
I697,O129,P230,2,34360,14
I698,O385,P425,1,53202,12
I699,O310,P221,3,51103,45
I700,O039,P382,1,49819,61
I701,O195,P412,5,16503,56
I702,O429,P072,2,18745,99
I703,O274,P078,1,23635,63
I704,O226,P121,5,3485,33
I705,O497,P191,4,46170,47
I706,O441,P117,3,17829,83
I707,O385,P462,4,32451,47
I708,O243,P191,1,29574,94
I709,O104,P416,2,35172,95
I710,O424,P076,4,15534,92
I711,O258,P172,1,58742,66
I712,O453,P470,5,58605,64
I713,O152,P418,3,58807,49
I714,O275,P300,5,33161,32
I715,O270,P059,5,42493,87
I716,O135,P182,2,45619,0
I717,O180,P099,3,46357,16
I718,O019,P109,1,43729,25
I719,O498,P452,3,5712,84
I720,O255,P047,3,47577,43
I721,O127,P026,-3,51235,10
I722,O302,P158,5,51453,60
I723,O006,P207,5,48085,53
I724,O060,P327,3,14005,4
I725,O043,P213,2,55256,24
I726,O464,P166,3,31153,71
I727,O375,P243,4,34807,44
I728,O437,P480,2,29163,23
I729,O335,P428,3,30802,17
I730,O290,P134,3,4825,36
I731,O497,P092,1,17064,64
I732,O083,P144,1,3266,98
I733,O329,P423,4,21774,30
I734,O138,P314,5,33715,43
I735,O262,P444,5,18215,87
I736,O042,P478,1,17372,31
I737,O265,P108,-4,43326,86
I738,O049,P417,3,15644,86
I739,O073,P285,4,38783,36
I740,O102,P111,5,5151,88
I741,O285,P104,4,31594,40
I742,O385,P307,3,52626,7
I743,O439,P068,5,17037,8
I744,O111,P157,1,45972,93
I745,O416,P005,4,22740,70
I746,O213,P348,1,42707,78
I747,O072,P216,5,43861,34
I748,O413,P276,1,14993,59
I749,O209,P016,5,15572,76
I750,O028,P471,5,32611,95
I751,O328,P018,-1,42173,72
I752,O399,P104,1,26057,11
I753,O199,P257,2,44118,92
I754,O443,P201,4,35114,99
I755,O207,P364,4,52902,21
I756,O444,P094,5,47569,2
I757,O436,P190,2,1199,56
I758,O199,P164,2,20663,50
I759,O169,P024,1,28851,55
I760,O285,P051,2,38324,54
I761,O032,P460,1,33626,6
I762,O438,P080,1,57401,84
I763,O083,P058,4,59087,13
I764,O444,P284,5,21905,77
I765,O433,P131,1,53919,11
I766,O142,P438,1,57133,8
I767,O065,P304,1,13836,72
I768,O409,P242,5,53944,60
I769,O102,P204,4,30767,4
I770,O177,P393,5,1472,66
I771,O080,P416,4,9603,11
I772,O387,P268,2,36860,100
I773,O022,P454,-5,2773,81
I774,O143,P147,4,1249,79
I775,O424,P158,1,31993,23
I776,O160,P434,5,23726,37
I777,O352,P335,5,57104,96
I778,O313,P038,3,20985,81
I779,O049,P108,1,40278,1
I780,O108,P412,5,9244,82
I781,O205,P469,5,24399,58
I782,O199,P455,3,34485,11
I783,O144,P272,5,26392,33
I784,O176,P073,5,48126,25
I785,O275,P139,5,4937,66
I786,O455,P109,5,9019,18
I787,O426,P279,1,10584,4
I788,O128,P356,3,34389,8
I789,O391,P102,4,33847,31
I790,O417,P050,3,29551,53
I791,O266,P392,5,17201,30
I792,O161,P083,4,30936,22
I793,O363,P083,4,33565,92
I794,O044,P325,3,51192,58
I795,O308,P440,3,21420,17
I796,O315,P373,4,49237,8
I797,O244,P372,1,45583,56
I798,O463,P087,2,27352,19
I799,O208,P023,5,57892,1
I800,O313,P394,2,41733,2
I801,O419,P189,1,59024,62
I802,O132,P036,1,1921,23
I803,O274,P351,1,25162,20
I804,O213,P330,3,33632,84
I805,O184,P284,5,39861,58
I806,O118,P482,5,26908,23
I807,O187,P032,-4,35285,71
I808,O389,P399,5,9840,37
I809,O014,P419,5,51278,29
I810,O160,P156,2,6123,0
I811,O378,P005,5,19302,4
I812,O263,P448,5,12939,14
I813,O107,P009,1,25033,90
I814,O453,P297,2,43478,72
I815,O492,P380,2,13277,97
I816,O157,P378,2,51894,32
I817,O445,P491,3,51425,15
I818,O132,P243,3,5505,62
I819,O404,P395,4,29491,41
I820,O424,P444,3,46739,44
I821,O024,P456,2,45873,47
I822,O191,P277,1,20216,66
I823,O172,P128,2,33170,76
I824,O063,P027,2,53210,97
I825,O177,P341,4,57383,85
I826,O466,P018,1,47924,6
I827,O188,P329,3,19681,96
I828,O139,P052,3,44935,36
I829,O275,P278,2,45529,96
I830,O382,P074,3,2304,40
I831,O147,P288,2,51693,82
I832,O184,P394,1,43855,15
I833,O335,P152,4,32140,53
I834,O396,P276,4,53564,45
I835,O071,P467,4,46170,82
I836,O153,P020,5,47885,82
I837,O056,P024,2,35592,2
I838,O232,P149,1,55714,28
I839,O011,P126,2,33970,60
I840,O456,P099,4,15245,56
I841,O239,P413,1,48350,82
I842,O053,P235,5,59575,10
I843,O265,P269,1,13502,50
I844,O164,P365,4,55839,65
I845,O029,P123,4,3354,53
I846,O128,P060,4,16355,43
I847,O221,P090,2,12552,41
I848,O064,P179,5,51652,45
I849,O265,P132,1,45351,45
I850,O091,P121,4,4801,51
I851,O150,P223,2,29871,42
I852,O495,P401,4,57266,9
I853,O241,P070,5,5737,93
I854,O428,P213,1,51923,48
I855,O091,P322,3,53064,22
I856,O355,P059,5,9848,42
I857,O316,P335,2,53938,40
I858,O277,P171,5,58989,36
I859,O291,P221,4,26487,83
I860,O032,P260,1,45432,3
I861,O079,P151,3,36296,90
I862,O180,P112,3,55685,88
I863,O287,P411,4,55743,62
I864,O163,P247,5,42119,84
I865,O115,P278,1,28132,87
I866,O281,P442,2,30545,1
I867,O073,P031,1,37940,1
I868,O426,P326,4,46600,57
I869,O051,P351,4,41367,58
I870,O474,P470,1,5304,94
I871,O448,P005,4,13761,44
I872,O065,P462,1,24978,50
I873,O029,P145,2,58279,83
I874,O495,P160,4,42488,60
I875,O194,P312,1,21876,63
I876,O413,P077,2,23539,5
I877,O259,P444,1,11026,66
I878,O049,P002,2,23251,84
I879,O134,P204,2,1025,85
I880,O425,P267,4,29062,91
I881,O293,P255,2,22640,53
I882,O118,P151,1,5713,45
I883,O467,P114,2,48217,57
I884,O389,P464,5,18394,97
I885,O125,P109,1,46466,4
I886,O059,P114,1,4469,93
I887,O246,P071,5,9747,96
I888,O319,P201,2,47074,74
I889,O045,P187,4,2612,88
I890,O100,P309,2,50462,6
I891,O076,P116,5,22132,7
I892,O245,P065,1,35160,39
I893,O455,P181,2,32901,25
I894,O330,P269,2,7275,2
I895,O352,P076,4,30343,99
I896,O035,P183,5,28485,37
I897,O197,P432,2,16933,30
I898,O311,P492,5,29352,100
I899,O323,P340,5,48258,31
I900,O017,P457,5,14813,91
I901,O217,P132,3,48184,80
I902,O095,P220,1,36242,10
I903,O130,P226,3,34842,78
I904,O141,P164,-1,55130,41
I905,O267,P407,3,17912,27
I906,O281,P232,5,12938,54
I907,O344,P316,-2,35524,29
I908,O433,P111,3,42747,98
I909,O087,P465,2,38922,37
I910,O196,P198,4,41637,85
I911,O242,P131,2,23177,41
I912,O193,P172,4,30422,21
I913,O299,P118,1,20185,48
I914,O207,P152,1,13434,26
I915,O193,P308,4,31370,94
I916,O236,P232,1,34150,56
I917,O406,P456,-4,3144,43
I918,O308,P123,4,52285,52
I919,O206,P356,4,31616,2
I920,O236,P224,1,10237,39
I921,O059,P449,1,19790,99
I922,O183,P138,3,21764,44
I923,O282,P347,1,49120,90
I924,O156,P283,5,322,67
I925,O096,P200,4,36667,32
I926,O482,P243,5,26782,88
I927,O093,P116,4,30641,24
I928,O179,P166,1,22172,23
I929,O403,P205,5,24914,72
I930,O404,P223,3,31745,11
I931,O277,P237,3,34276,74
I932,O183,P163,1,649,45
I933,O227,P441,2,8414,84
I934,O462,P256,4,50689,35
I935,O305,P293,2,58931,94
I936,O119,P310,5,24001,81
I937,O397,P345,1,15776,55
I938,O158,P490,4,37706,9
I939,O434,P030,4,23131,68
I940,O070,P168,5,28027,9
I941,O362,P038,5,34860,56
I942,O131,P106,4,10111,86
I943,O399,P190,3,10329,29
I944,O011,P137,3,34524,0
I945,O022,P049,5,48391,33
I946,O334,P494,2,11425,50
I947,O348,P064,3,25380,2
I948,O498,P083,2,50910,8
I949,O430,P178,5,27918,51
I950,O415,P308,4,36853,53
I951,O424,P248,4,30329,45
I952,O400,P234,4,17756,49
I953,O008,P495,2,33061,82
I954,O029,P148,1,59731,6
I955,O339,P063,5,58059,67
I956,O484,P471,1,9262,13
I957,O483,P410,2,10909,68
I958,O335,P059,4,56531,72
I959,O095,P229,2,33535,80
I960,O012,P198,-1,11806,75
I961,O430,P087,4,22695,3
I962,O473,P017,4,40312,85
I963,O397,P268,3,57919,21
I964,O021,P303,3,23768,83
I965,O180,P332,3,45037,45
I966,O064,P360,5,10595,6
I967,O313,P399,3,10259,56
I968,O194,P460,-4,37537,96
I969,O299,P290,3,17046,38
I970,O279,P013,3,34360,79
I971,O054,P311,1,46199,76
I972,O088,P007,1,58873,23
I973,O283,P351,5,20855,21
I974,O086,P078,2,49627,4
I975,O241,P270,1,21683,62
I976,O444,P402,1,56461,33
I977,O343,P441,4,58119,25
I978,O317,P134,5,21819,69
I979,O068,P072,3,24120,99
I980,O075,P269,3,11675,9
I981,O295,P039,3,16008,52
I982,O228,P169,4,28924,50
I983,O354,P226,5,29214,12
I984,O399,P316,3,56432,74
I985,O209,P022,4,27081,8
I986,O366,P285,5,17686,58
I987,O285,P365,-1,59487,52
I988,O138,P066,5,21759,25
I989,O421,P397,1,5722,32
I990,O393,P110,3,1248,32
I991,O480,P137,4,57318,70
I992,O285,P343,4,35565,26
I993,O189,P168,3,19723,89
I994,O102,P182,5,36596,71
I995,O326,P346,3,55775,28
I996,O382,P142,3,34962,59
I997,O187,P486,3,45635,99
I998,O244,P313,2,3968,32
I999,O172,P455,3,57740,74
I1000,O411,P049,1,25252,65
