customer_id,customer_name,email,customer_type,registration_date
C001,Amanda Huber,gmoreno@example.com,VIP,2024-11-10
C002,Ariana Murphy,mckinneyandrew@example.org,VIP,2023-12-19
C003,Christina Luna,kingbenjamin@example.com,Premium,2023-02-17
C004,Richard King,gilmorechristine@example.org,Regular,2023-01-02
C005,Thomas Miller,martinjames@example.com,Regular,2024-06-09
C006,Ivan Stevenson,marygibson@example.com,Regular,2025-12-16
C007,Jeff Lee,nelsonkevin@example.com,Premium,2024-09-28
C008,Cindy Warner,fbarnett@example.org,Premium,2023-02-24
C009,Taylor Bruce,harveyamy@example.org,Regular,2023-04-24
C010,Marcus Kirk,matthew82@example.net,VIP,2024-07-07
C011,Ian Patel,rossmatthew@example.com,VIP,2023-07-25
C012,Haley Lang,michellelee@example.org,VIP,2024-07-30
C013,Mr. Eric Ray,dominique16@example.com,Regular,2026-03-29
C014,Jennifer Smith,rromero@example.org,Premium,2024-08-04
C015,Joseph Gonzales,powersalec@example.org,Regular,2025-06-16
C016,Brittney Williams,ibaxter@example.com,Premium,2026-02-13
C017,Mrs. Sandra Murphy,hpetty@example.net,Premium,2023-03-09
C018,Michael Gibson,woodwardbonnie@example.net,Regular,2023-10-01
C019,Emma Leach,scottlewis@example.com,Premium,2023-06-24
C020,Patrick Orr,zachary82@example.com,Regular,2024-02-23
C021,Michael Gregory,afletcher@example.net,Regular,2024-03-13
C022,Karla Rodriguez,reyesantonio@example.com,VIP,2023-05-15
C023,Megan Harris,rebecca12@example.org,Premium,2025-03-29
C024,Daniel Johnson,xking@example.com,Regular,2026-05-19
C025,Jason Bailey,lisa60@example.org,Premium,2025-08-15
C026,Michele Patel,meyerdakota@example.org,Regular,2024-02-11
C027,Ricardo Ford,foxedward@example.com,Regular,2024-01-18
C028,Shannon Evans,masonjacob@example.net,Regular,2024-06-25
C029,Christopher Bennett,natalieallen@example.com,VIP,2024-09-07
C030,Brenda Powers,twells@example.org,VIP,2023-12-19
C031,Lisa Armstrong,joshuadunn@example.net,Premium,2025-09-28
C032,Justin Salinas,benjamin54@example.net,VIP,2024-06-02
C033,Kevin Garcia,marc61@example.org,VIP,2025-04-03
C034,Timothy Diaz,rprice@example.com,Premium,2025-03-20
C035,Stephen Dudley,vgarcia@example.net,VIP,2023-10-17
C036,Brendan Porter,juliahanson@example.org,Regular,2025-06-24
C037,Emily Lopez,walkerbradley@example.org,Regular,2023-10-06
C038,Gina Rivas,michael33@example.org,Regular,2025-12-25
C039,Kristine Anderson,kingjoel@example.org,Premium,2026-07-08
C040,Mark Harris,kristen00@example.com,VIP,2025-05-08
C041,Katelyn Watkins,meganwood@example.org,VIP,2026-04-03
C042,Jennifer Jackson,martinjames@example.com,VIP,2025-05-13
C043,Jonathan Armstrong,christopherbaker@example.com,Premium,2026-01-03
C044,Shawn Woods,shelbyhunt@example.net,Premium,2024-03-01
C045,Denise Wilson,brian68@example.org,VIP,2025-04-18
C046,Faith Boyle,reynoldsmadison@example.net,Regular,2024-01-13
C047,Timothy Miller,james03@example.com,Premium,2024-01-20
C048,Tamara Washington,bergjanet@example.com,VIP,2025-04-27
C049,Anna Allison,bradgilbert@example.org,Premium,2025-11-19
C050,Kayla Calderon,hansonconnor@example.org,Premium,2025-05-13
C051,Christine Christensen,kfarrell@example.org,VIP,2023-08-16
C052,Andrew Garcia,brewerjames@example.com,VIP,2024-03-09
C053,Angela Wallace,katherine85@example.org,VIP,2023-08-15
C054,Molly Brown,stacey83@example.com,Regular,2023-12-10
C055,Richard Ross,joshuakline@example.org,VIP,2023-04-20
C056,Beth Cooley,kimnicholas@example.net,Premium,2025-08-28
C057,Colleen Crawford,mdavidson@example.org,Premium,2026-06-30
C058,Kenneth Williams,cindylowe@example.org,VIP,2023-10-07
C059,Melvin Sweeney,yolandahunt@example.org,Premium,2026-06-23
C060,Rita Brooks,goldensheila@example.net,VIP,2024-03-22
C061,David Wright,kyle45@example.org,VIP,2023-08-31
C062,Nathan Griffith,vickiesmith@example.com,Premium,2024-03-15
C063,Gregory Randall,mendozamark@example.net,Regular,2026-04-08
C064,Emily Zavala,moorejohnny@example.org,VIP,2026-02-18
C065,Lauren Alexander,grantgregory@example.org,VIP,2023-03-16
C066,Amy Robinson,bellbenjamin@example.net,Premium,2025-02-24
C067,Scott Rivas,erica38@example.com,Premium,2023-02-08
C068,Benjamin Mclean,joseph71@example.org,Regular,2025-10-15
C069,Jamie Stafford,yferguson@example.net,Premium,2025-06-13
C070,William Smith,hcox@example.com,Premium,2025-10-09
C071,James Johnson,pamela71@example.com,Regular,2025-12-07
C072,Tina Bennett,davidpalmer@example.com,VIP,2024-07-13
C073,Sherry Ruiz,michael97@example.com,Regular,2023-09-21
C074,Charles Brown,anthony31@example.com,Premium,2026-07-03
C075,Erika Barrera,juan66@example.org,Premium,2025-11-28
C076,Mark Gilmore,qsmith@example.com,Premium,2025-11-06
C077,Ann Mayo,jillramirez@example.org,Regular,2025-07-26
C078,Lindsay Smith,hvaughn@example.org,VIP,2024-04-15
C079,Eric Riggs,zmaxwell@example.com,Regular,2025-08-27
C080,Kim Cooper,kennedyamber@example.org,VIP,2023-11-15
C081,Edward Chandler,nicholasdavis@example.net,Premium,2025-08-26
C082,Erin Roberts,blackburnchristy@example.com,Premium,2025-02-07
C083,Lacey Kelly,jessicarowland@example.com,Regular,2024-09-23
C084,Amy Willis,srobinson@example.com,Regular,2024-05-28
C085,Tina Sanchez,krystal46@example.net,Regular,2025-02-23
C086,Robert Welch,franklinnicholas@example.net,Regular,2026-02-20
C087,Lance Buckley,michael73@example.com,Regular,2024-09-06
C088,Joseph Rodriguez,belltonya@example.net,VIP,2023-04-13
C089,Christopher Mcguire,armstrongscott@example.org,VIP,2025-11-01
C090,James Watts,jenningsrobert@example.com,Regular,2024-12-16
C091,Carlos Macias,jacksonedwin@example.net,Premium,2023-01-19
C092,Christy Collins,matthew92@example.com,Premium,2025-12-30
C093,Melissa Pena,dawn46@example.org,VIP,2025-07-04
C094,Robert Nelson,jonathanthomas@example.net,Premium,2025-02-13
C095,Juan Long,rebeccastone@example.net,Premium,2024-09-01
C096,Amy Weeks,brandon39@example.com,Premium,2024-04-03
C097,Kyle Huffman,mtorres@example.com,Premium,2024-05-21
C098,Chad Hughes,michelle04@example.org,Premium,2025-11-06
C099,Hector Shannon,beasleymichael@example.org,Regular,2025-10-20
C100,Shawn Love,htran@example.org,Regular,2025-11-26
C101,Matthew Smith,abigailgriffith@example.net,Regular,2025-02-03
C102,Elijah Watts,emiller@example.com,Regular,2026-06-22
C103,Tracy Nguyen MD,bradley83@example.org,Premium,2026-03-11
C104,Morgan Atkins,johnsonjason@example.org,Regular,2025-12-08
C105,Karen Barnes,dawnnelson@example.org,Regular,2024-12-23
C106,Julie Vargas,sean81@example.net,Regular,2025-11-05
C107,Robert Hughes,chale@example.org,Regular,2025-01-11
C108,Jon Duncan,agutierrez@example.org,Regular,2026-05-09
C109,Jacob Nelson,hallerik@example.com,Regular,2025-04-08
C110,Sheila Moody,restrada@example.net,Premium,2024-06-09
C111,Dr. Raymond Herrera,ygriffith@example.org,Regular,2023-02-25
C112,Daniel Robinson,brandikelly@example.net,VIP,2025-03-28
C113,Scott Mills,dbradley@example.net,Premium,2025-11-05
C114,Dr. Ralph Santos MD,aprilrobinson@example.org,VIP,2025-08-18
C115,Mark Wilson,smithjames@example.net,Regular,2023-01-04
C116,Stephanie Scott,walkerrobert@example.net,Regular,2026-01-02
C117,Diane Thompson,ricky39@example.com,Premium,2025-05-27
C118,Alexis Cummings,jonesashley@example.com,Premium,2023-12-10
C119,Martha Adams,marksdonald@example.org,Regular,2025-06-01
C120,Melissa Wright,dcook@example.org,VIP,2024-08-07
C121,Patrick Monroe,kyle57@example.net,VIP,2025-06-25
C122,Angela Murray,qjohnson@example.org,Regular,2023-06-02
C123,Bethany Le,fernandeztammy@example.net,VIP,2024-05-29
C124,John Rivera,kelly14@example.com,VIP,2023-09-01
C125,John Mcpherson,ubarber@example.org,Regular,2024-02-02
C126,Lawrence Miller,ojordan@example.org,Premium,2024-07-21
C127,Katelyn Marsh,danielmccormick@example.net,Premium,2024-05-23
C128,Jesus Chandler,ireid@example.org,Premium,2026-02-20
C129,William Johnson,michelle77@example.com,Regular,2026-03-31
C130,Terry Clark MD,tmills@example.net,Regular,2024-08-27
C131,Sarah Miller,colejose@example.net,Premium,2023-02-27
C132,Jacqueline Hart,craigshah@example.net,VIP,2025-06-16
C133,Kevin Clarke,ndavis@example.net,VIP,2023-08-16
C134,Nichole Smith,william12@example.org,VIP,2023-03-01
C135,Keith Butler,joshua06@example.org,Premium,2025-03-10
C136,Brian Curtis,igutierrez@example.com,Regular,2024-08-26
C137,Jonathan Daniel,jeffreyhunt@example.org,Premium,2025-01-26
C138,Jacqueline Freeman,lcurtis@example.org,Regular,2025-02-17
C139,Jacqueline James DVM,wilsonbrittney@example.net,Regular,2025-08-01
C140,Laura Fuentes,ecross@example.org,Premium,2025-11-08
C141,Randy Jones,josephcampbell@example.net,Premium,2024-07-15
C142,Samuel Harris,wbrewer@example.com,Regular,2023-04-05
C143,Mary Gregory,bryantmichael@example.com,VIP,2024-01-24
C144,Taylor Perez,chenalexis@example.net,Regular,2023-08-17
C145,Robert Lamb,pattersondaniel@example.org,Regular,2023-08-10
C146,Emma Burns,mariahmccann@example.com,VIP,2025-08-25
C147,David Young,angelacaldwell@example.com,VIP,2023-12-10
C148,Kenneth Carter,rileyann@example.com,VIP,2026-01-25
C149,Ashley Barker,xwoods@example.org,Regular,2025-12-10
C150,Thomas Rowe,danielle70@example.org,Regular,2024-11-02
C151,Samantha Campbell,melvin19@example.org,Regular,2023-04-26
C152,Meghan Reyes,icox@example.org,VIP,2025-03-15
C153,Lori Mccoy,wtorres@example.com,Regular,2025-03-14
C154,Kathryn Harrington DDS,vmartinez@example.com,Premium,2023-07-16
C155,Olivia Espinoza,nielsendaniel@example.org,Regular,2026-04-26
C156,Megan Long,jacksonjohn@example.org,VIP,2025-08-26
C157,Martin Hodges,benjamin56@example.org,Regular,2024-08-22
C158,Lindsey Jones,along@example.com,VIP,2025-03-02
C159,Kenneth Hernandez,zachary64@example.com,Regular,2026-05-21
C160,Jonathon Lewis,sandra92@example.com,Regular,2023-06-20
C161,Anthony Crane DVM,hflynn@example.net,VIP,2024-03-12
C162,Savannah Fitzgerald,jacquelinenelson@example.org,Regular,2025-11-14
C163,Brandy Thompson,andersenangela@example.org,Premium,2023-01-06
C164,Paul Clayton,timothycarpenter@example.net,Regular,2025-12-01
C165,Larry West,evan78@example.com,VIP,2025-12-13
C166,Jessica Weaver,brittanydyer@example.org,Regular,2024-05-23
C167,Christopher Neal,heather03@example.net,VIP,2023-12-27
C168,Mike Macdonald,wjohnson@example.com,Regular,2023-12-21
C169,Christopher Martin,fodonnell@example.com,Regular,2024-02-02
C170,Dr. Mary Hahn,qvalenzuela@example.net,Regular,2023-12-31
C171,Edward Ryan,smithmatthew@example.net,Regular,2025-01-07
C172,Cynthia Chavez,anthonyfriedman@example.net,VIP,2025-12-25
C173,Beth Frank,juliaroman@example.net,VIP,2026-06-19
C174,Kimberly Pacheco,pfinley@example.org,VIP,2025-03-27
C175,Lucas Jones,marilyn47@example.org,Regular,2025-11-15
C176,Heather Maynard,katherinepugh@example.org,VIP,2025-07-11
C177,Michael Jones,anitasalas@example.net,Premium,2023-11-06
C178,Tony Smith,rivasshawn@example.com,VIP,2025-02-08
C179,Joshua Lopez DVM,mendozadenise@example.net,VIP,2024-12-17
C180,Jeffrey Kelly,zhuerta@example.net,Premium,2023-03-06
C181,Rhonda Perez,bushedward@example.org,Regular,2026-01-21
C182,Valerie Adams,kjordan@example.org,VIP,2026-05-30
C183,Julia Butler,kimberlyestes@example.com,Premium,2025-07-31
C184,Steven Fowler,vickitaylor@example.com,Premium,2024-08-22
C185,Antonio Howell,david02@example.org,Regular,2025-08-31
C186,Matthew Walker,gabriel14@example.com,VIP,2024-09-03
C187,James Nguyen,douglasblankenship@example.org,VIP,2023-08-01
C188,Susan Ingram,kathy59@example.org,Premium,2024-05-28
C189,Robert Jones,gregory72@example.org,Regular,2026-04-24
C190,Sheila Campbell,hardinglinda@example.net,VIP,2025-08-18
C191,Cassandra Davidson,hernandezstacey@example.org,Premium,2025-03-19
C192,Thomas Davis,zwallace@example.net,Regular,2026-07-08
C193,Robert Hall,robyn53@example.org,VIP,2025-02-11
C194,Lisa Mills,hallalexander@example.org,Premium,2025-10-31
C195,Keith White,nancy34@example.org,Regular,2025-04-17
C196,Pamela Spence,robert86@example.org,Premium,2023-05-06
C197,Jason Jones,mariacastillo@example.com,Premium,2024-01-09
C198,Dr. John Clarke,lawrence01@example.org,VIP,2023-03-08
C199,Gerald Duran,henrydaniel@example.net,Regular,2026-02-19
C200,David Franco,jacobcalderon@example.org,Premium,2023-10-12
C201,Christine Price,gwarren@example.com,Premium,2026-03-06
C202,Sherri Weaver,upatterson@example.com,Regular,2024-10-25
C203,Pamela Johns,marioanderson@example.org,VIP,2023-02-28
C204,Christine Chen,rebecca15@example.org,Regular,2023-11-05
C205,Gregory Grant,udecker@example.com,Premium,2025-01-29
C206,William Heath,simpsongina@example.net,VIP,2026-05-26
C207,Michelle Reid,harriskimberly@example.com,Premium,2023-08-13
C208,Andrew Rodriguez,ystrong@example.org,Regular,2023-11-23
C209,James Ferguson,david97@example.com,Regular,2024-09-19
C210,Paul Prince,cvelasquez@example.org,Regular,2024-12-20
C211,Troy Lindsey,lprince@example.net,Premium,2023-01-12
C212,Beverly Ferguson,brooke00@example.com,Premium,2024-12-31
C213,Daniel Peterson DDS,julianoble@example.com,Premium,2026-05-21
C214,Jason Barnes,bryan13@example.com,VIP,2023-09-13
C215,Eileen Haynes,crystal14@example.com,Regular,2025-10-22
C216,Alexander Patton,elandry@example.net,Regular,2025-02-06
C217,Lauren Anderson DDS,adamsmegan@example.com,Premium,2023-08-21
C218,Richard Jones,andreaflynn@example.org,VIP,2024-03-02
C219,Mark Hall,breeves@example.net,Regular,2025-10-28
C220,Eric Anderson,zhayden@example.com,VIP,2025-03-16
C221,Ivan Ramos,cantusteven@example.org,Regular,2024-01-28
C222,Amy Simpson,bryanjay@example.net,VIP,2025-08-04
C223,Daniel Hanson,jmendoza@example.net,Regular,2025-05-15
C224,Robin Taylor,sandra47@example.net,VIP,2025-09-23
C225,Jose Jensen,jeffreyperry@example.com,VIP,2025-07-01
C226,Jorge Martin,michaelshields@example.net,VIP,2024-11-01
C227,Mario Clark,jfrench@example.org,Premium,2026-04-12
C228,Jessica Reyes,wfox@example.org,Regular,2023-01-04
C229,Jennifer Johnson,zachary78@example.com,VIP,2025-01-26
C230,John Irwin,justin89@example.org,Regular,2025-08-22
C231,Melissa Benson,william11@example.com,Premium,2026-07-07
C232,Jeffrey Fry,lisa05@example.net,Regular,2025-05-01
C233,Melissa Molina,tony33@example.org,Regular,2025-03-28
C234,Michael Evans,madison79@example.org,Regular,2023-04-10
C235,David Sanchez,zstewart@example.net,Premium,2025-09-03
C236,Dr. Angela Casey,devinsteele@example.com,Premium,2024-02-28
C237,Andrew Larson,nancy63@example.com,Premium,2025-07-15
C238,Dawn Castillo,samuelwallace@example.net,VIP,2024-10-12
C239,Jill Thomas,karen95@example.org,Premium,2024-11-20
C240,Frances Weber,jennifer72@example.org,Premium,2023-04-09
C241,Max Rice,ygriffin@example.com,Premium,2026-06-04
C242,Carrie Young,rkelly@example.com,Premium,2024-02-01
C243,Justin Cruz,karen40@example.net,Premium,2025-08-03
C244,David Wallace,robert94@example.net,VIP,2024-10-24
C245,Natalie Morales,ginarhodes@example.net,Premium,2024-06-24
C246,Linda Obrien,michelle87@example.com,Premium,2024-05-02
C247,Danielle Young,colleen84@example.com,Premium,2023-02-28
C248,Karen Newman,adamblake@example.com,Premium,2025-07-18
C249,Alec Schroeder,edavis@example.com,Regular,2024-12-16
C250,Theresa Garrison,abrown@example.org,Regular,2023-01-07
C251,Danielle Hall,qcarson@example.com,Premium,2026-06-11
C252,Alexis Morton,tammysmith@example.org,VIP,2023-11-28
C253,Amy Barrett,xortiz@example.com,Premium,2025-04-06
C254,Heather Carr,mparker@example.com,Premium,2025-03-15
C255,David Garcia,andrewgonzalez@example.net,Regular,2026-01-09
C256,Elizabeth Brooks,jodicrawford@example.net,VIP,2024-04-16
C257,Christine Williams,krausefrank@example.org,VIP,2025-05-02
C258,Amanda Robbins,betty57@example.net,Premium,2025-09-03
C259,Daniel Lowery,ejacobs@example.net,Regular,2025-02-11
C260,Wendy Reyes,jodimiller@example.net,VIP,2023-01-08
C261,Marilyn Davis,gregory67@example.net,Premium,2023-05-29
C262,Christina Wilson,wwilson@example.net,VIP,2023-11-21
C263,Lisa Brown,morganmercedes@example.net,Regular,2023-02-01
C264,Spencer Rodriguez,christopher74@example.net,Premium,2026-05-21
C265,Richard Williams,tuckersteven@example.net,Regular,2025-07-16
C266,Amber Townsend,michaelfreeman@example.net,VIP,2023-02-16
C267,Angela Riley,floresjeanne@example.com,Premium,2025-11-04
C268,Walter Franklin,jackklein@example.com,Regular,2023-12-22
C269,Dr. Mary Campbell,hallangela@example.com,VIP,2023-12-22
C270,Marc Mitchell,janice49@example.com,VIP,2025-01-05
C271,Kyle Davila,vaughankayla@example.org,Premium,2023-01-12
C272,Deanna Jones,carpenterjennifer@example.net,Regular,2023-01-25
C273,Mark Moon,wsimmons@example.org,VIP,2023-02-04
C274,Dr. Jared Ray DDS,rbrown@example.net,Regular,2026-01-10
C275,Samantha Morgan,portiz@example.org,Premium,2025-11-30
C276,Robert Benton MD,jasonlynch@example.com,Regular,2023-01-04
C277,Ashley Jones,vboone@example.org,Regular,2025-06-29
C278,Susan Garza,eric08@example.org,Regular,2023-11-30
C279,Gail Collins,xmeyer@example.org,Premium,2024-10-16
C280,Nancy Hall,whitelindsey@example.com,Premium,2026-06-19
C281,Carlos Jackson,lekayla@example.org,VIP,2023-03-31
C282,Kimberly Ortiz,kingmark@example.org,VIP,2025-02-02
C283,Sheri Townsend,denise36@example.net,Premium,2024-02-19
C284,Cody Franklin,dominique88@example.org,Premium,2024-12-09
C285,Christina Garcia,mwhite@example.net,VIP,2025-04-14
C286,James Perkins,amy51@example.net,Regular,2024-01-12
C287,Samantha Fitzgerald,millervictoria@example.org,VIP,2024-01-30
C288,Dylan Parks,eweaver@example.com,VIP,2024-11-09
C289,Richard Gamble,thomasvanessa@example.com,VIP,2024-12-15
C290,Danielle Nelson,jasonkelly@example.com,VIP,2024-04-28
C291,Jennifer Chavez,johnsonjoseph@example.org,VIP,2024-12-24
C292,Michael Johnson,amandajackson@example.com,Regular,2024-11-27
C293,Jason White,gomezmary@example.org,VIP,2024-04-28
C294,Stephen Vega,barnettstacy@example.com,Regular,2024-12-26
C295,James Mills,millerjared@example.net,Regular,2023-07-14
C296,Angela Torres,simpsonrandall@example.net,Premium,2024-11-08
C297,Michelle Lowery,icook@example.com,Premium,2025-12-29
C298,Danny Hoffman,nichole02@example.net,Premium,2025-12-03
C299,Andrew Phillips,frobinson@example.org,VIP,2023-10-02
C300,Jordan Byrd,nwatts@example.org,Premium,2025-03-29
C301,Linda Buckley,michael64@example.com,Premium,2026-05-16
C302,Anna Mitchell,christopher99@example.net,Regular,2023-03-17
C303,Todd Harrison,hgarcia@example.net,Premium,2025-05-15
C304,Ronald Peters,kcoleman@example.org,Regular,2023-11-03
C305,Mark Proctor,maddenjohn@example.com,Regular,2026-03-27
C306,Ronnie Middleton,ronaldhall@example.net,Premium,2025-06-11
C307,Katie Smith,frodriguez@example.org,Premium,2024-03-12
C308,Tommy Cohen,jlewis@example.org,Premium,2024-02-02
C309,Cynthia Wiley,byrdstephanie@example.org,Regular,2023-11-27
C310,Jessica Garner,jennifercollins@example.com,Premium,2025-02-22
C311,Dale Sharp,lallen@example.org,VIP,2024-04-27
C312,Thomas Fleming,hallen@example.com,Regular,2026-02-05
C313,Brittany Miller,tbecker@example.org,Regular,2024-01-31
C314,Rebecca Howard,kellysmith@example.org,Regular,2024-04-05
C315,Michaela Brewer,shane29@example.org,Regular,2025-03-14
C316,Jillian Rivera,pjones@example.com,VIP,2023-08-18
C317,Christopher Rodriguez,burtonjasmine@example.org,Premium,2023-02-19
C318,Daniel Stone,christinamcintyre@example.com,Regular,2023-02-07
C319,Ashley Swanson,shannongraves@example.org,VIP,2026-03-15
C320,Mitchell Larsen,jerryjames@example.org,Regular,2024-02-06
C321,Eric Miller,jessicamunoz@example.net,Regular,2026-03-23
C322,Eric Williamson,garystuart@example.net,Premium,2025-10-29
C323,Jennifer Anderson,thompsonkevin@example.org,Premium,2026-02-16
C324,Heather Weaver,parksapril@example.com,Regular,2026-01-09
C325,Jeffery Hunt,zacharyrichmond@example.org,Regular,2025-02-25
C326,Brent Evans,mmitchell@example.org,Premium,2025-01-11
C327,Ronald Morales,dsteele@example.net,Premium,2023-05-22
C328,Jesus Arnold,evelyn23@example.org,VIP,2026-01-15
C329,Jack Johnson,allenelaine@example.org,VIP,2023-01-05
C330,Christine Schmidt,johnsonnathan@example.org,VIP,2025-03-04
C331,Taylor Andrews,jacobbates@example.org,Premium,2024-05-07
C332,Miranda Burton,jacquelinecallahan@example.org,Premium,2024-09-03
C333,Dustin Brown,turnersean@example.com,Premium,2025-03-05
C334,Michelle Williams,bmalone@example.com,Regular,2026-04-05
C335,Kyle Cunningham,alan76@example.org,Regular,2024-06-19
C336,Kathleen Pope,brittanykirby@example.com,VIP,2024-11-03
C337,Francisco Moore,brownrobert@example.net,VIP,2025-08-29
C338,Veronica Hanna,stephanierussell@example.org,Regular,2023-04-08
C339,Jonathan Gutierrez,coreyrichardson@example.org,Regular,2023-04-19
C340,Christopher Hunter,yphelps@example.com,VIP,2025-10-22
C341,Jared Holmes,ortizalejandro@example.net,VIP,2026-04-30
C342,Tonya Sanchez,sking@example.com,Regular,2024-11-26
C343,Tracy Little,stephenrios@example.org,VIP,2024-12-27
C344,Heather Brown DVM,singletonmichael@example.com,VIP,2025-10-19
C345,Rebecca Patel,ewhite@example.com,Premium,2024-09-06
C346,Jodi Thompson,likrista@example.com,Regular,2023-10-05
C347,Joseph Pacheco,christian37@example.net,Regular,2024-10-14
C348,Patrick Duran,feliciamoore@example.org,Premium,2026-05-07
C349,David Lopez,tparks@example.com,Regular,2025-04-17
C350,Nicole Dougherty,tonya52@example.org,Regular,2024-09-28
C351,Lauren Buck,lmaldonado@example.net,VIP,2026-05-23
C352,Donald Brown,cynthiamendoza@example.com,VIP,2025-01-25
C353,Suzanne Molina,harrellsusan@example.net,VIP,2024-10-19
C354,Diane Stone,adamcruz@example.org,Regular,2025-05-22
C355,Robert Terry,ymartinez@example.org,VIP,2024-08-27
C356,Christina Osborn,william45@example.net,Premium,2026-01-02
C357,Paula Gates,todd53@example.com,Premium,2023-04-28
C358,Jennifer Conner,christopher07@example.net,Regular,2025-05-12
C359,Vanessa Murray,ywilliams@example.net,Premium,2025-11-22
C360,John Lee,jenniferschmidt@example.org,VIP,2024-06-30
C361,Amy Thompson,shughes@example.net,Premium,2023-05-19
C362,Kayla Rush,vanessapatton@example.com,VIP,2026-03-08
C363,Angela Ferguson,brittany19@example.org,Regular,2024-06-10
C364,Carol Chang,porterchristopher@example.com,Premium,2024-12-09
C365,Karen Elliott,njohnson@example.net,Regular,2024-10-26
C366,Erin Johnston,nicolesawyer@example.net,VIP,2024-05-01
C367,Jacqueline Norton,robert12@example.org,Premium,2026-02-21
C368,Michelle Cantu,robertthornton@example.org,VIP,2026-02-09
C369,Michael Nixon,zavalascott@example.com,Premium,2024-11-15
C370,Amanda Bradford,johnsondonald@example.org,Regular,2024-12-30
C371,Mckenzie Hall,ccastillo@example.org,Regular,2023-09-26
C372,David Barrera,savannah80@example.org,Premium,2023-06-28
C373,Tina Patterson,fcallahan@example.org,Premium,2023-07-21
C374,Scott Olsen,ksmith@example.org,VIP,2024-05-15
C375,Kimberly Robinson,christophergibson@example.net,Premium,2025-08-23
C376,Thomas Duncan DVM,sharpian@example.net,Premium,2026-04-25
C377,Jodi Hernandez,rgonzalez@example.com,Premium,2024-12-29
C378,Jill Harris,hbrown@example.org,Premium,2023-11-23
C379,Christopher Frazier,juliewilson@example.net,Regular,2023-03-13
C380,Stacey Stark,nlee@example.net,Premium,2026-03-07
C381,Jill Diaz,hblack@example.com,Regular,2023-02-22
C382,Jody Hansen,justin99@example.net,VIP,2024-02-21
C383,Crystal Benson,marypatel@example.net,VIP,2023-07-03
C384,Bruce Trujillo,tammycrawford@example.com,Regular,2024-03-01
C385,Manuel Michael,howegabriel@example.net,Regular,2025-04-28
C386,Christopher Murray,creeves@example.org,VIP,2023-11-02
C387,Rachel Tanner,roberthobbs@example.com,Premium,2025-06-30
C388,Wendy Wood,proy@example.net,Regular,2025-04-10
C389,Lauren Wilkinson,traceysmith@example.com,Premium,2023-08-15
C390,Leslie Johnson,mitchellallison@example.org,Regular,2023-03-27
C391,Dawn Pace,jimenezjeffery@example.org,Regular,2026-02-01
C392,Shawn Hampton DVM,marcus51@example.net,VIP,2026-05-15
C393,Scott Schwartz,ubrown@example.org,VIP,2023-10-16
C394,Rachel Murillo,christiankenneth@example.com,VIP,2023-03-31
C395,Erica Stanley,jo14@example.org,Premium,2023-07-03
C396,Michael Serrano,carol21@example.net,Premium,2023-12-02
C397,Kevin Wells,kgeorge@example.com,Regular,2023-08-11
C398,Jasmine Ward,johnkelly@example.net,VIP,2025-02-19
C399,Laura Wood,alleneric@example.org,Premium,2024-05-21
C400,Mr. James Rodriguez,davidfinley@example.com,Regular,2026-03-06
C401,Jose Stephens,xmartinez@example.net,Regular,2025-03-10
C402,Richard Rivera,velezkenneth@example.net,Premium,2024-07-12
C403,Kaitlyn Mcneil,deborah35@example.com,VIP,2023-05-09
C404,Rhonda Ford,garydavis@example.org,Premium,2025-04-25
C405,Kevin Gray,stephanie17@example.org,VIP,2026-07-12
C406,Robin Villanueva,brenda68@example.net,VIP,2024-05-01
C407,Jeff Shaw,curtisclayton@example.net,VIP,2024-01-18
C408,Robert Cochran,garrettmelinda@example.com,Regular,2025-07-12
C409,Victor Velasquez,megantaylor@example.net,Regular,2024-07-26
C410,Anthony Coleman,shane07@example.com,Premium,2025-09-11
C411,Austin Fisher,gillangela@example.org,Regular,2026-07-01
C412,Brenda Kennedy,jhawkins@example.net,Regular,2024-07-15
C413,Melissa White,jillmaldonado@example.org,Regular,2025-03-10
C414,Brandon Knox,carrillojason@example.org,VIP,2024-08-16
C415,Dwayne Noble,littlejason@example.com,Regular,2025-09-17
C416,Tonya Chaney,guytanner@example.org,VIP,2024-10-08
C417,Loretta Clark,shane78@example.org,Premium,2024-10-31
C418,David Stephenson,melissawillis@example.net,VIP,2023-08-13
C419,Devon Fernandez MD,mannjoshua@example.net,Regular,2026-03-21
C420,Austin Aguilar,samuelleon@example.net,Premium,2025-04-01
C421,Richard Lozano,ortizmary@example.com,VIP,2024-01-31
C422,Brittany Cox,davischristine@example.org,VIP,2024-07-05
C423,Trevor Crawford,sjones@example.net,Regular,2024-06-12
C424,Summer Miller,wsanchez@example.com,Premium,2024-08-26
C425,Ricardo Olson,wjenkins@example.org,Premium,2024-05-17
C426,Deborah Mcdonald,oford@example.com,Regular,2023-11-06
C427,Austin White,qvalenzuela@example.com,Regular,2025-10-17
C428,Jose Morales,xgomez@example.org,VIP,2025-05-10
C429,Terry Gomez,lewisashley@example.com,VIP,2025-04-07
C430,Ashley Christensen,nalexander@example.com,Regular,2026-03-14
C431,Matthew Jefferson,brian32@example.org,Premium,2023-12-17
C432,Jordan Neal,heather12@example.org,VIP,2025-09-20
C433,Jennifer Mccall,ssilva@example.net,Premium,2025-11-28
C434,Michelle Little,smurphy@example.org,Regular,2024-07-10
C435,Joshua Reese,stevenlewis@example.net,Premium,2025-09-22
C436,Jeremy Jackson,johnsonjacqueline@example.org,Regular,2023-11-05
C437,Katherine Torres,eduardo25@example.net,Regular,2024-09-10
C438,Kendra Zamora,uhall@example.org,Regular,2023-10-15
C439,John Gray,codyramos@example.org,VIP,2024-07-13
C440,Joshua Clark,kjones@example.org,Premium,2024-09-12
C441,Joseph Turner,heidibuchanan@example.org,Premium,2023-10-26
C442,Amanda Farmer,charlespatrick@example.net,Regular,2023-02-16
C443,Amanda Davis,tara97@example.net,Premium,2026-01-21
C444,Brittney Kirby,mandy31@example.com,Regular,2025-08-19
C445,Anthony Liu,lisamorgan@example.org,Regular,2024-07-03
C446,Jennifer Moore,mezastephanie@example.net,Regular,2025-10-05
C447,Erin Kennedy,lisa86@example.org,Regular,2023-12-19
C448,Kendra Wright,mccallamber@example.org,VIP,2025-08-22
C449,Brian Martinez,pottererik@example.com,Regular,2023-06-25
C450,Ryan Kelley,lawrencebryan@example.net,Regular,2024-08-07
C451,Rickey Fuller,francisco54@example.net,Premium,2023-11-20
C452,Tammy Phillips,jason16@example.net,Premium,2023-01-31
C453,Phillip Lane,patelkenneth@example.org,VIP,2025-09-17
C454,Scott Johnson,caitlynsavage@example.com,Premium,2024-02-13
C455,Leslie Hawkins,hendersonkenneth@example.com,Regular,2024-12-03
C456,Erin Reyes,claudiasantos@example.org,Premium,2025-10-02
C457,Brent Dorsey,christophereaton@example.org,Premium,2025-10-24
C458,Robert Mullins,clewis@example.com,Regular,2024-09-12
C459,Dustin Zuniga,okelly@example.org,Premium,2026-02-14
C460,Travis Cruz,ashepherd@example.org,Regular,2024-01-24
C461,Joseph Smith,linda32@example.net,Premium,2024-06-06
C462,Aaron Ali,beverly09@example.net,VIP,2023-09-06
C463,Meghan Martinez,robert52@example.net,VIP,2023-09-23
C464,Sara Pugh,amanda90@example.net,VIP,2024-12-25
C465,Sandra Kelly,wallacenicholas@example.net,Premium,2024-12-23
C466,Haley Stanton,cynthiaknight@example.net,VIP,2025-06-02
C467,Lindsey Lowery,traviswright@example.com,Premium,2023-07-20
C468,Deborah Orr,lblack@example.net,Premium,2023-09-25
C469,Claire Fox,fletchersean@example.com,Regular,2025-01-25
C470,Arthur Hampton,kristinwilson@example.org,Premium,2023-04-10
C471,Lynn Ramirez,daniel29@example.org,VIP,2026-06-06
C472,Andrew Ryan,dillonannette@example.com,VIP,2024-04-08
C473,Sherry Hart,melissa43@example.org,Regular,2023-08-09
C474,Robert Beasley,grace23@example.com,Premium,2024-05-21
C475,Katie Jones,albert85@example.org,Premium,2023-11-03
C476,Mary Cox,tonya31@example.com,VIP,2025-05-31
C477,Shelby Wilson,xbaker@example.org,Premium,2026-04-06
C478,Susan Sanchez,donnaray@example.org,Regular,2024-11-23
C479,Lisa Anderson,clarkebrittany@example.net,VIP,2025-12-19
C480,Mr. Anthony Stevens DDS,pricejanet@example.com,Premium,2023-11-29
C481,Donald Brown,nwilliams@example.com,VIP,2024-06-13
C482,Deborah Molina,dickersonjim@example.net,VIP,2025-02-18
C483,Mr. Steve Potter,rperez@example.org,Regular,2026-03-28
C484,Robert Durham,jmiller@example.net,Premium,2025-11-24
C485,Justin Evans,robert86@example.net,VIP,2024-07-24
C486,Eric Martin,catherine10@example.net,Premium,2024-08-19
C487,Krystal Summers,nsullivan@example.com,Premium,2025-04-10
C488,Nicholas Taylor,houstonmatthew@example.net,Premium,2025-02-01
C489,Yolanda Joseph,russellcrystal@example.org,VIP,2023-03-27
C490,Chad Harris,garyellis@example.com,VIP,2025-05-20
C491,Mr. Michael Jordan,hbarton@example.com,Premium,2026-03-16
C492,Paula Robinson,jesus27@example.org,VIP,2023-02-17
C493,Randy Cooper,juan02@example.org,Premium,2024-01-24
C494,Sean Payne,marywright@example.net,Regular,2023-07-29
C495,Victor Sanchez,williamsjames@example.com,Regular,2024-06-08
C496,Johnny Thomas,anthonyramirez@example.org,VIP,2023-05-08
C497,Joshua Galvan,kennedydonna@example.net,Regular,2023-01-24
C498,Anthony Roy,marilyncunningham@example.org,Regular,2024-11-26
C499,Richard Roberts,smithvanessa@example.org,Premium,2023-08-16
C500,Donald Fletcher,jgarcia@example.com,Regular,2023-08-05
