order_id,customer_id,order_date,status,region_code
O001,,2023-05-10 16:33:42,cancelled,North
O002,C102,2025-03-18 13:33:18,shipped,west
O003,C328,2025-11-01 09:28:12,shipped,south
O004,C233,2025-09-30 12:18:50,Placed,west
O005,C246,2026-06-29 20:10:09,returned,North
O006,,2023-09-14 19:09:22,cancelled,east
O007,C297,2025-08-05 11:54:55,returned,North
O008,C073,2023-07-25 07:51:19,cancelled,east
O009,C420,2024-07-27 06:47:02,Placed,North
O010,C301,2025-01-15 07:11:11,delivered,west
O011,C057,2026-04-25 09:14:10,cancelled,south
O012,C180,2023-06-05 08:48:02,delivered,east
O013,C382,2025-07-02 22:56:01,returned,east
O014,C369,2024-10-21 13:13:30,cancelled,North
O015,C440,2023-07-05 23:16:41,delivered,east
O016,C155,2024-08-25 03:01:24,returned,east
O017,,2025-12-12 11:33:38,returned,North
O018,C361,2023-04-07 08:31:55,cancelled,east
O019,C269,2024-05-14 01:15:14,delivered,North
O020,C362,2023-09-10 21:00:11,shipped,west
O021,C070,2023-08-19 06:31:41,returned,south
O022,C336,2025-06-28 02:02:20,cancelled,east
O023,C218,2025-12-19 14:46:10,returned,south
O024,C195,13-09-2025 15:12:54,Placed,east
O025,C077,2026-01-10 08:08:48,delivered,North
O026,C404,30-03-2023 15:20:00,returned,south
O027,C328,2024-06-06 07:51:44,shipped,west
O028,C031,2023-05-07 03:54:02,returned,west
O029,C303,2023-06-16 19:37:29,shipped,east
O030,C270,2023-03-19 08:30:19,Placed,east
O031,C075,2024-02-16 09:55:25,delivered,west
O032,C381,2025-05-08 01:46:11,delivered,south
O033,,2024-03-30 17:30:14,cancelled,east
O034,C358,2024-04-22 06:21:48,Placed,south
O035,C083,2023-03-02 07:35:24,returned,west
O036,C099,2024-03-27 14:02:02,Placed,south
O037,C216,2024-04-05 16:57:07,cancelled,North
O038,C104,2023-08-27 06:59:13,cancelled,west
O039,C240,2025-03-04 08:07:01,Placed,North
O040,C174,2025-03-11 20:14:05,Placed,North
O041,C016,2025-01-24 15:19:54,cancelled,west
O042,C361,2024-01-05 04:48:30,cancelled,west
O043,C131,2026-04-10 22:16:21,returned,south
O044,C335,2024-02-07 13:41:55,Placed,west
O045,C074,2025-05-17 21:42:52,delivered,south
O046,C449,2023-09-10 22:11:30,returned,east
O047,C217,2026-04-02 18:44:04,Placed,west
O048,C061,2024-08-24 03:05:29,Placed,south
O049,,17-01-2023 11:15:43,shipped,west
O050,C380,2026-04-01 22:14:53,returned,south
O051,C114,2024-08-16 14:34:47,cancelled,North
O052,C141,2024-05-22 20:34:48,cancelled,south
O053,,2023-08-18 14:06:26,cancelled,east
O054,C189,2024-01-21 12:14:27,returned,west
O055,C091,2025-05-19 13:08:55,cancelled,west
O056,C091,2023-10-18 04:45:05,cancelled,east
O057,C365,17-06-2024 20:22:41,cancelled,south
O058,C047,2025-01-02 03:20:21,shipped,east
O059,C003,2023-11-10 22:47:36,Placed,south
O060,C262,2024-09-08 12:50:00,Placed,south
O061,C231,2023-03-24 21:19:15,returned,south
O062,C272,2023-08-09 04:09:42,shipped,south
O063,C279,2023-08-11 04:06:34,shipped,east
O064,C315,2025-02-22 13:08:28,returned,south
O065,C376,2024-08-05 23:51:03,delivered,south
O066,C401,2023-01-03 19:41:33,Placed,south
O067,C256,2026-03-31 03:44:42,Placed,south
O068,C454,2024-08-24 06:07:18,Placed,south
O069,C175,2025-10-14 06:21:58,cancelled,east
O070,C379,2024-05-09 13:21:30,Placed,east
O071,C489,2025-05-05 01:34:23,shipped,west
O072,C350,2023-09-11 11:57:04,cancelled,North
O073,C159,2023-06-18 02:21:22,delivered,south
O074,C450,2024-11-18 14:59:15,shipped,North
O075,C080,2025-08-08 20:19:25,delivered,west
O076,C080,2025-12-23 16:02:10,shipped,east
O077,C027,2023-06-22 07:18:29,cancelled,south
O078,C011,2025-05-21 17:13:59,delivered,North
O079,C252,2026-02-23 19:30:52,cancelled,east
O080,C128,2024-11-13 14:23:03,cancelled,west
O081,C261,2026-01-05 00:16:27,returned,west
O082,C195,2023-09-04 01:59:26,returned,south
O083,C321,2024-01-17 05:26:57,Placed,North
O084,,2025-09-18 22:52:29,returned,North
O085,C495,2025-12-04 20:38:17,delivered,west
O086,C279,2025-09-08 17:51:38,delivered,west
O087,C095,2024-10-15 16:36:16,delivered,south
O088,,2023-04-01 10:13:30,cancelled,east
O089,C191,2025-12-30 11:43:24,returned,east
O090,,2025-11-26 17:37:28,cancelled,North
O091,C497,2024-06-04 17:17:11,Placed,west
O092,C486,2024-11-08 01:56:22,cancelled,North
O093,C194,2024-08-20 05:58:32,shipped,south
O094,C254,2023-08-04 20:32:14,shipped,North
O095,C055,2023-10-06 12:51:36,Placed,west
O096,C075,2024-05-23 18:51:49,returned,North
O097,C091,2025-04-11 11:36:31,shipped,North
O098,C099,2023-07-15 17:53:17,cancelled,south
O099,C289,2024-12-05 15:14:11,returned,east
O100,C230,2024-04-14 21:33:44,delivered,east
O101,C078,2023-05-30 21:36:38,Placed,North
O102,C013,2024-06-08 12:04:03,cancelled,south
O103,C057,2023-08-03 03:50:44,delivered,east
O104,C455,2026-06-12 00:15:06,Placed,North
O105,C038,2026-01-22 16:21:43,cancelled,south
O106,C086,2024-06-26 05:47:02,cancelled,east
O107,,2025-05-08 22:59:46,cancelled,North
O108,C036,2023-07-03 03:31:53,delivered,North
O109,C175,2025-08-19 02:30:05,returned,south
O110,C327,2026-07-01 00:49:54,cancelled,North
O111,C199,2025-07-28 23:11:46,delivered,North
O112,C227,2025-01-01 13:09:39,returned,south
O113,C463,2023-11-27 23:38:14,cancelled,east
O114,C292,2024-04-04 07:00:34,Placed,west
O115,C077,2024-02-20 08:30:30,Placed,south
O116,C094,2026-03-12 14:10:33,returned,south
O117,C131,2026-02-10 21:32:49,delivered,south
O118,C473,2024-12-30 11:29:19,shipped,west
O119,C029,2025-08-21 09:29:35,returned,south
O120,C059,2024-07-21 23:03:59,cancelled,east
O121,C224,2023-08-14 01:05:34,Placed,North
O122,C309,2023-04-28 11:55:04,Placed,east
O123,C381,2023-03-07 00:55:45,delivered,west
O124,C395,2026-06-01 19:15:11,delivered,west
O125,C076,2024-10-29 13:05:34,cancelled,west
O126,C163,2025-10-10 15:28:50,delivered,west
O127,C283,2023-08-13 04:45:47,shipped,east
O128,C159,2024-12-13 11:32:50,shipped,west
O129,C023,18-03-2024 06:21:32,cancelled,south
O130,C343,2024-10-13 16:04:16,shipped,west
O131,C434,2025-08-31 10:46:16,cancelled,west
O132,C446,2024-09-14 20:31:34,Placed,south
O133,C379,2023-08-20 11:42:31,cancelled,North
O134,C089,2025-02-22 08:07:45,Placed,west
O135,C277,2023-01-16 11:54:14,cancelled,North
O136,C383,2024-10-06 01:03:03,Placed,west
O137,C488,2025-03-11 03:35:29,returned,west
O138,C223,2025-10-16 11:34:06,returned,south
O139,C141,2024-11-28 01:01:12,delivered,south
O140,C064,2023-06-25 20:18:16,cancelled,west
O141,C473,2024-06-19 01:02:19,returned,North
O142,,2023-02-03 04:28:38,returned,east
O143,C141,2025-03-28 09:19:42,shipped,North
O144,C184,2023-09-28 12:00:00,cancelled,east
O145,C447,2023-08-30 02:34:13,Placed,east
O146,C184,2023-10-04 17:57:17,returned,south
O147,C066,2025-06-14 14:20:24,cancelled,east
O148,C370,2023-08-25 10:59:23,returned,south
O149,C223,2025-02-09 14:42:20,cancelled,south
O150,C207,2025-04-26 13:49:36,returned,west
O151,C141,2024-02-02 14:05:54,returned,west
O152,C169,2024-08-08 16:03:02,returned,east
O153,C346,2023-06-30 08:06:14,returned,west
O154,C002,2025-07-11 13:28:23,returned,east
O155,C388,2024-06-08 05:52:57,Placed,east
O156,C440,2024-03-10 13:35:33,returned,west
O157,C399,2025-05-23 00:16:05,shipped,North
O158,C119,2025-10-18 13:44:56,delivered,west
O159,C477,2024-02-06 04:45:01,delivered,west
O160,C097,2023-01-22 20:42:34,delivered,west
O161,C051,2024-06-08 15:16:12,delivered,west
O162,C499,2023-01-22 08:55:37,returned,east
O163,C408,2025-09-28 22:22:19,cancelled,east
O164,C457,2026-05-15 02:36:28,Placed,North
O165,C241,2024-07-11 17:43:48,Placed,east
O166,C337,2025-07-29 04:35:13,cancelled,west
O167,C156,2024-06-15 11:58:32,delivered,east
O168,,2025-07-11 12:20:51,returned,North
O169,,08-06-2023 17:58:38,Placed,west
O170,C327,2024-10-06 12:47:17,returned,east
O171,C321,19-10-2024 09:25:26,cancelled,North
O172,C276,2024-11-08 15:54:35,shipped,south
O173,C400,2024-09-08 20:44:30,returned,east
O174,C139,2023-02-14 06:28:32,cancelled,west
O175,C499,2026-05-05 23:50:13,Placed,west
O176,,15-11-2024 18:11:56,shipped,south
O177,C441,2023-07-30 17:09:45,returned,North
O178,C197,2023-10-10 09:59:13,returned,south
O179,C393,2026-02-19 02:31:22,returned,east
O180,,2023-10-03 17:22:04,delivered,North
O181,C464,2025-05-06 12:32:24,Placed,south
O182,C146,07-09-2024 12:21:52,cancelled,east
O183,C141,2024-04-05 19:37:01,returned,east
O184,C381,2025-05-30 18:27:41,delivered,south
O185,C269,2024-02-24 02:18:01,Placed,North
O186,C342,2026-01-03 21:47:27,returned,North
O187,C456,16-05-2024 22:19:33,shipped,North
O188,C389,2024-01-19 02:21:22,cancelled,North
O189,C040,2024-12-25 03:01:52,delivered,North
O190,C474,2025-08-21 07:41:36,Placed,west
O191,C228,2024-12-19 08:22:33,shipped,west
O192,C117,2024-03-01 20:51:28,cancelled,west
O193,C451,2023-04-01 10:39:08,cancelled,east
O194,C398,2024-01-25 23:41:27,cancelled,west
O195,C121,2023-07-17 09:05:50,shipped,North
O196,C219,2024-10-03 12:11:16,cancelled,south
O197,C284,20-02-2025 17:35:27,shipped,North
O198,C495,2024-04-15 11:53:45,delivered,south
O199,C044,2025-07-14 07:30:22,delivered,east
O200,C127,2024-08-15 02:04:41,Placed,east
O201,,2025-03-05 02:06:38,shipped,south
O202,C462,2023-11-30 16:38:06,shipped,east
O203,C373,21-03-2025 06:57:28,Placed,south
O204,C324,2023-10-16 20:48:36,shipped,east
O205,C389,2025-07-24 09:11:37,shipped,south
O206,C211,2026-04-17 03:58:49,delivered,south
O207,C068,2026-07-13 11:04:24,returned,east
O208,,2026-03-27 22:47:24,delivered,east
O209,C212,2026-03-16 00:39:09,shipped,south
O210,C296,2023-07-27 20:26:31,Placed,west
O211,C116,2023-09-17 01:37:32,shipped,east
O212,C422,03-08-2024 10:02:35,delivered,east
O213,C199,2023-07-27 10:58:27,returned,North
O214,C023,2023-03-01 13:27:16,returned,west
O215,C402,2026-06-29 00:52:47,delivered,east
O216,,2025-05-01 08:49:44,delivered,North
O217,C452,2025-06-21 15:20:03,cancelled,west
O218,C484,2024-10-14 16:47:37,returned,North
O219,C455,2025-10-25 02:00:26,cancelled,west
O220,C335,2024-07-12 03:48:05,cancelled,North
O221,C069,2024-06-11 10:27:42,Placed,east
O222,C419,2026-01-08 22:50:12,cancelled,west
O223,C348,2025-06-03 03:05:03,Placed,west
O224,,2024-06-03 02:24:26,delivered,west
O225,C182,2023-11-28 14:57:44,Placed,North
O226,C227,2026-07-01 18:25:48,cancelled,North
O227,C393,2026-04-21 05:11:56,shipped,east
O228,C493,2025-12-26 10:09:50,cancelled,west
O229,C072,2023-07-07 14:28:58,returned,south
O230,C286,2025-08-29 03:59:38,cancelled,North
O231,C139,2026-03-18 07:12:18,cancelled,west
O232,C198,2023-11-19 20:34:52,delivered,south
O233,C070,2025-02-04 09:35:09,cancelled,east
O234,C269,11-10-2024 15:46:13,cancelled,North
O235,,28-08-2024 17:07:13,delivered,east
O236,C165,2025-11-24 11:49:46,shipped,North
O237,,2025-05-05 08:21:00,Placed,south
O238,C104,2025-06-29 23:43:55,Placed,south
O239,C138,01-08-2023 01:04:04,shipped,North
O240,C247,2024-04-11 15:52:10,Placed,west
O241,C246,2025-04-03 10:11:24,shipped,south
O242,C469,2023-08-03 21:57:41,Placed,south
O243,C213,2023-09-11 01:12:50,delivered,south
O244,C473,2026-04-13 23:19:29,shipped,west
O245,C169,11-06-2023 18:04:38,shipped,south
O246,C065,2023-03-17 16:21:46,cancelled,south
O247,C185,2024-07-24 08:30:07,shipped,west
O248,C222,2024-12-04 03:58:14,returned,west
O249,C137,2024-10-08 04:37:32,shipped,south
O250,C334,2025-01-29 11:52:10,delivered,west
O251,C191,13-08-2025 04:49:05,Placed,south
O252,C367,2025-06-07 10:54:01,delivered,west
O253,C372,2025-06-29 11:11:57,returned,west
O254,C095,2023-09-19 10:21:50,returned,west
O255,C061,2024-08-14 03:25:19,shipped,east
O256,C062,2025-07-03 05:02:27,delivered,North
O257,C414,2026-05-27 06:48:09,cancelled,west
O258,C016,2024-12-16 04:45:11,returned,west
O259,C483,2024-11-24 23:05:42,returned,south
O260,C140,2023-05-19 13:32:42,shipped,west
O261,C173,2023-01-18 02:51:26,Placed,south
O262,C182,2023-01-15 10:55:39,shipped,west
O263,,2025-06-14 18:06:44,Placed,west
O264,C407,2024-10-15 08:12:52,cancelled,east
O265,C345,2024-10-26 20:07:20,returned,west
O266,,2024-09-22 01:11:03,shipped,east
O267,C417,2023-12-16 05:53:04,returned,east
O268,C048,2024-01-25 11:44:36,shipped,west
O269,C487,2026-04-01 05:09:26,delivered,North
O270,C223,2025-05-31 23:55:35,shipped,west
O271,C348,2024-05-26 22:35:41,cancelled,west
O272,C264,2025-10-13 15:37:53,delivered,south
O273,C144,2023-07-15 08:26:33,Placed,North
O274,C278,2023-06-10 10:39:31,delivered,North
O275,C237,2024-12-29 14:31:31,returned,west
O276,C141,2023-09-03 01:25:14,Placed,west
O277,C152,05-02-2025 12:04:45,delivered,east
O278,C174,2023-02-08 05:25:38,returned,east
O279,C234,2023-07-05 02:24:13,delivered,North
O280,C087,2023-10-20 01:36:10,returned,North
O281,C122,2024-02-07 21:41:26,cancelled,west
O282,C275,2025-04-24 16:54:02,Placed,south
O283,C467,2023-06-15 03:49:16,Placed,east
O284,C323,2024-10-20 09:36:17,cancelled,North
O285,C305,2025-09-04 22:00:15,delivered,south
O286,C019,2026-06-11 04:49:55,delivered,east
O287,C066,2023-11-05 20:18:55,delivered,south
O288,C217,2025-02-28 15:25:02,returned,east
O289,C300,2026-04-20 05:02:43,Placed,south
O290,C473,2024-05-28 09:36:19,cancelled,east
O291,C255,2023-04-17 02:19:06,cancelled,south
O292,C161,2023-04-09 04:27:34,delivered,south
O293,C374,2025-01-14 21:16:09,returned,North
O294,C059,2026-03-24 04:58:07,shipped,west
O295,,2024-12-09 10:59:08,cancelled,west
O296,C386,2023-08-06 11:25:48,returned,east
O297,C441,2024-02-19 07:33:50,delivered,west
O298,C372,2023-11-23 09:17:50,delivered,west
O299,C006,2023-01-11 15:32:35,delivered,east
O300,C077,2024-09-27 19:03:56,cancelled,west
O301,C328,13-11-2023 23:50:40,shipped,east
O302,C195,06-03-2026 18:23:33,Placed,North
O303,C425,2025-08-08 15:00:09,shipped,east
O304,C274,2023-09-07 19:41:08,shipped,west
O305,C248,2024-06-27 17:03:18,shipped,North
O306,C198,2024-10-30 07:58:33,Placed,south
O307,C192,2025-06-25 16:54:20,cancelled,south
O308,C067,2023-06-19 12:24:45,Placed,east
O309,C270,2024-08-11 03:42:57,delivered,North
O310,C354,2024-03-28 08:58:26,delivered,North
O311,C339,2026-01-13 16:15:25,delivered,west
O312,C435,2023-12-31 02:35:52,cancelled,west
O313,,2023-10-15 08:17:35,Placed,west
O314,C308,2026-01-14 17:55:44,delivered,east
O315,C195,2024-07-05 00:13:08,shipped,east
O316,C476,2024-07-13 08:44:50,returned,south
O317,C343,2025-10-02 07:20:11,cancelled,west
O318,C002,2024-10-28 17:00:56,delivered,east
O319,C331,2024-01-05 15:44:47,Placed,east
O320,C331,2026-04-11 16:37:42,shipped,east
O321,C248,2023-03-15 07:05:22,delivered,east
O322,C183,2023-10-11 16:00:14,Placed,south
O323,C401,2026-03-10 05:32:26,delivered,North
O324,C119,2025-02-12 02:11:25,cancelled,south
O325,C185,2025-04-06 19:26:30,returned,North
O326,C446,2025-09-04 01:42:05,cancelled,west
O327,C393,2025-04-18 22:38:54,shipped,east
O328,,2024-09-28 04:58:33,shipped,south
O329,C435,2023-08-22 15:36:27,shipped,North
O330,C056,2026-06-23 09:10:04,shipped,west
O331,C217,2025-11-01 17:37:57,Placed,west
O332,C290,2025-03-02 23:25:15,shipped,east
O333,C361,29-06-2025 19:14:15,delivered,North
O334,C434,2024-03-16 16:52:02,shipped,North
O335,C095,2024-06-22 06:20:37,cancelled,North
O336,C008,2023-11-20 09:46:07,returned,west
O337,C302,2025-11-13 07:15:48,returned,east
O338,C255,2025-12-29 12:35:36,Placed,west
O339,C259,2025-08-22 21:12:20,returned,east
O340,C366,2025-02-07 19:31:50,Placed,North
O341,C237,2025-10-02 21:32:08,shipped,south
O342,C217,2023-12-15 07:12:05,delivered,east
O343,C465,2026-04-20 09:20:47,Placed,east
O344,C241,2025-11-16 21:02:54,shipped,east
O345,C109,2025-07-04 08:53:22,Placed,North
O346,C135,2024-03-03 03:18:57,delivered,south
O347,C259,2025-02-04 00:01:01,shipped,south
O348,C137,2024-03-02 00:20:05,delivered,east
O349,C399,2024-06-12 10:24:05,Placed,west
O350,C057,2025-04-04 15:20:07,shipped,south
O351,,2024-03-30 05:48:16,shipped,south
O352,C151,2026-04-20 19:44:43,Placed,east
O353,C255,2025-07-03 19:38:47,Placed,west
O354,C231,2024-05-17 06:48:40,Placed,west
O355,C133,2024-04-07 03:13:56,returned,south
O356,C028,2026-01-05 16:48:56,delivered,North
O357,C171,2025-01-26 13:09:18,cancelled,North
O358,C242,2025-09-23 03:26:58,delivered,south
O359,C325,2025-06-22 22:14:30,delivered,south
O360,C453,2025-06-07 14:59:20,cancelled,east
O361,C379,2023-11-08 19:55:19,returned,south
O362,C282,2025-01-01 20:09:18,Placed,south
O363,C046,2025-07-08 19:10:55,shipped,North
O364,C226,2023-09-19 06:53:35,shipped,south
O365,C051,2025-09-28 05:36:49,Placed,west
O366,C164,2025-05-16 08:29:24,shipped,south
O367,C130,2024-10-23 20:47:14,cancelled,east
O368,C257,2025-11-01 07:46:30,shipped,west
O369,C361,2023-11-12 06:45:21,Placed,south
O370,C039,2023-11-15 14:22:59,returned,west
O371,C086,2026-02-16 02:12:46,shipped,North
O372,C219,2023-06-08 06:23:10,cancelled,west
O373,C154,2023-06-17 17:47:42,returned,North
O374,C090,2024-03-07 20:05:48,Placed,east
O375,C198,2023-07-25 14:25:10,returned,east
O376,C400,2023-03-27 17:51:10,returned,North
O377,C138,2026-01-19 10:59:28,returned,west
O378,C115,2023-03-23 00:57:53,delivered,North
O379,C245,2025-05-25 07:07:07,delivered,south
O380,C231,2026-01-09 21:51:54,returned,North
O381,C033,2023-07-15 17:49:43,returned,south
O382,C217,2023-12-20 09:32:04,cancelled,North
O383,C077,2025-11-24 12:46:31,returned,east
O384,C340,2023-06-29 10:40:20,cancelled,south
O385,C125,2026-02-25 02:51:01,cancelled,west
O386,C466,2024-12-02 02:50:49,cancelled,North
O387,C490,2023-04-28 22:55:39,delivered,west
O388,C231,2025-09-08 12:41:21,returned,south
O389,C197,2025-10-05 18:39:16,cancelled,North
O390,C452,2023-12-24 17:34:24,delivered,west
O391,C161,2024-02-05 17:49:48,cancelled,North
O392,C045,2024-06-06 20:07:06,delivered,east
O393,C451,2024-08-03 02:45:53,shipped,east
O394,C295,28-02-2023 13:14:26,delivered,North
O395,C232,2024-10-12 22:24:14,returned,North
O396,C180,2023-12-17 19:25:50,delivered,west
O397,C483,2026-06-20 09:50:20,shipped,west
O398,C386,2024-11-08 19:58:27,delivered,east
O399,C076,2023-03-20 22:48:21,returned,west
O400,C361,2026-02-27 05:35:58,cancelled,North
O401,C289,2025-01-23 16:37:48,shipped,south
O402,C106,2023-11-05 20:45:18,cancelled,east
O403,C481,2025-09-08 15:19:57,Placed,west
O404,C050,2025-01-08 16:33:07,returned,east
O405,C424,2024-09-16 17:33:20,delivered,west
O406,C266,2023-10-25 14:06:43,returned,North
O407,C272,2025-09-25 11:31:51,shipped,south
O408,C393,2023-03-31 04:05:31,cancelled,west
O409,C026,2023-01-28 08:56:16,returned,east
O410,,2025-07-04 12:37:22,shipped,east
O411,C289,2023-04-04 02:07:04,Placed,west
O412,C239,2024-05-23 18:13:11,returned,east
O413,C176,2025-01-08 17:08:45,Placed,south
O414,C494,2023-02-24 10:21:02,shipped,North
O415,C270,2025-03-11 16:29:48,delivered,west
O416,C244,2024-02-01 21:40:29,Placed,east
O417,C486,16-10-2024 00:06:45,cancelled,east
O418,C372,2024-01-21 08:54:52,cancelled,east
O419,C283,2023-02-13 21:10:40,cancelled,North
O420,C444,2025-03-18 14:31:25,delivered,North
O421,C252,2025-11-06 19:25:41,delivered,North
O422,C030,2024-05-12 19:39:22,returned,west
O423,C382,23-03-2024 21:31:30,Placed,west
O424,C464,2024-02-28 03:42:42,Placed,east
O425,C032,2023-08-10 23:41:33,cancelled,east
O426,C126,2024-12-02 16:31:47,cancelled,east
O427,C054,2023-04-16 22:09:55,Placed,North
O428,C194,2023-09-12 16:29:58,Placed,east
O429,C436,2023-09-18 01:12:09,delivered,east
O430,C142,2024-06-24 00:52:53,returned,east
O431,C342,2023-11-02 15:37:32,Placed,North
O432,C163,2023-08-03 06:16:39,Placed,east
O433,C075,2024-06-06 17:20:14,delivered,east
O434,C499,2024-01-20 19:14:54,cancelled,North
O435,C349,2024-03-15 05:57:39,returned,west
O436,C151,2023-04-10 00:24:26,delivered,west
O437,C396,2024-10-02 04:23:26,shipped,east
O438,C317,2023-03-23 10:08:29,returned,North
O439,C375,2023-03-21 12:28:26,Placed,east
O440,C349,2023-07-10 15:27:56,delivered,south
O441,C208,2025-06-15 12:08:14,Placed,North
O442,C420,2026-04-02 18:37:58,cancelled,North
O443,C438,2025-08-08 17:22:36,returned,south
O444,C433,2026-01-02 17:18:13,Placed,east
O445,C154,2024-12-27 18:57:24,Placed,west
O446,,2026-07-07 18:36:33,cancelled,east
O447,C108,2024-12-08 06:36:08,returned,west
O448,C331,2024-10-24 15:32:42,delivered,North
O449,C359,21-09-2023 13:35:34,shipped,North
O450,C472,2026-06-30 13:59:45,shipped,North
O451,C033,2024-05-20 23:34:59,cancelled,south
O452,C007,2023-01-03 12:20:40,delivered,south
O453,C057,2026-04-28 06:32:18,delivered,east
O454,C112,2024-02-29 01:40:01,cancelled,south
O455,C122,2025-03-31 13:40:30,returned,east
O456,C156,2026-04-23 08:00:06,cancelled,North
O457,C450,2023-03-30 02:27:13,shipped,North
O458,C266,2026-06-21 19:22:12,delivered,North
O459,C108,2024-07-29 03:32:31,delivered,North
O460,C171,2023-01-10 13:22:39,shipped,south
O461,C463,2024-04-03 11:14:01,cancelled,east
O462,C179,2025-02-08 18:20:07,delivered,south
O463,C309,2023-03-26 17:07:39,shipped,south
O464,C142,2023-09-21 09:02:02,cancelled,west
O465,C406,2023-08-07 14:22:13,shipped,North
O466,C474,2023-06-03 06:18:57,shipped,south
O467,C482,2024-07-10 23:25:32,Placed,south
O468,,2024-12-09 13:06:15,delivered,east
O469,C268,2024-06-08 18:24:38,Placed,east
O470,C153,2024-11-04 15:29:20,shipped,east
O471,C370,2025-06-19 17:13:43,delivered,North
O472,C331,2024-07-02 03:46:44,shipped,North
O473,C142,2024-11-22 17:49:52,returned,east
O474,C396,2024-05-14 14:38:35,Placed,North
O475,C108,2024-08-31 06:55:36,cancelled,west
O476,C042,2024-04-26 14:16:32,Placed,west
O477,C249,2023-06-05 03:57:49,cancelled,west
O478,C181,29-07-2023 09:58:21,shipped,North
O479,C284,2025-01-24 10:58:56,Placed,west
O480,C302,2025-06-11 17:52:54,returned,North
O481,C078,2023-12-31 04:04:26,shipped,North
O482,C424,2026-03-06 04:31:12,shipped,west
O483,C223,2025-06-20 19:34:53,cancelled,west
O484,C354,2023-08-13 08:32:44,cancelled,east
O485,C203,2026-02-25 05:21:03,delivered,east
O486,C417,2025-07-21 11:27:27,Placed,east
O487,C255,2023-04-13 14:45:25,returned,west
O488,C187,2023-11-23 15:15:39,Placed,east
O489,C279,2023-01-11 08:01:30,Placed,west
O490,C129,2025-09-12 07:28:06,returned,west
O491,C330,2026-02-16 06:44:12,delivered,south
O492,C162,2026-06-11 21:26:30,returned,east
O493,C415,2024-06-06 09:47:34,returned,south
O494,C448,2023-07-07 04:59:13,cancelled,North
O495,,2023-04-04 15:02:27,returned,east
O496,C274,2023-10-22 12:05:41,delivered,east
O497,C468,2023-05-31 12:06:21,returned,east
O498,C475,25-06-2025 16:58:08,returned,west
O499,C271,2025-10-30 22:12:28,Placed,south
O500,C158,2026-04-12 17:46:25,cancelled,west
