Row ID,Order ID,Order Date,Ship Date,Ship Mode,Customer ID,Customer Name,Segment,Country,City,State,Postal Code,Region,Product ID,Category,Sub-Category,Product Name,Sales,Quantity,Discount,Profit
12,CA-2014-115812,6/9/2014,6/14/2014,Same Day,BH-11710,Brosina Hoffman,Consumer,United States,Los Angeles,California,90032,West,TEC-PH-10002033,Technology,Phones,Konftel 250 Conference phone - Charcoal black,1025.352,6,0.4,-25.6338
37,CA-2016-117590,12/8/2016,12/10/2016,Same Day,GH-14485,Gene Hale,Corporate,United States,Richardson,Texas,75080,Central,FUR-FU-10003664,Furniture,Furnishings,"Electrix Architect's Clamp-On Swing Arm Lamp, Black",458.208,6,0.2,-263.4696
53,CA-2015-115742,4/18/2015,4/22/2015,Same Day,DP-13000,Darren Powers,Consumer,United States,New Albany,Indiana,47150,Central,FUR-CH-10003061,Furniture,Chairs,"Global Leather Task Chair, Black",143.984,2,0.2,12.9586
57,CA-2016-111682,6/17/2016,6/18/2016,Same Day,TB-21055,Ted Butterfield,Consumer,United States,Troy,New York,12180,East,OFF-PA-10001569,Office Supplies,Paper,Xerox 232,36.288,7,0.2,13.7894
66,CA-2015-135545,11/24/2015,11/30/2015,Same Day,KM-16720,Kunst Miller,Consumer,United States,Los Angeles,California,90004,West,FUR-FU-10000397,Furniture,Furnishings,Luxo Economy Swing Arm Lamp,89.73,5,0.1,20.6379
379,CA-2015-130792,4/28/2015,5/5/2015,Second Class,RA-19915,Russell Applegate,Consumer,United States,Houston,Texas,77095,Central,OFF-AP-10000696,Office Supplies,Appliances,Holmes Odor Grabber,57.68,4,0.0,-112.476
421,CA-2017-110478,3/4/2017,3/9/2017,Same Day,SP-20860,Sung Pak,Corporate,United States,Los Angeles,California,90045,West,OFF-EN-10000483,Office Supplies,Envelopes,"White Envelopes, White Envelopes with Clear Poly Window",25.925,2,0.15,9.9811
439,CA-2017-130043,9/15/2017,9/19/2017,Second Class,BB-11545,Brenda Bowman,Corporate,United States,Houston,Texas,77070,Central,OFF-PA-10002230,Office Supplies,Paper,Xerox 1897,35.856,9,0.2,12.9978
501,US-2016-105578,5/30/2016,6/4/2016,Same Day,MY-17380,Maribeth Yedwab,Corporate,United States,Parker,Colorado,80134,West,OFF-BI-10001670,Office Supplies,Binders,Vinyl Sectional Post Binders,22.62,1,0.4,-11.687
572,CA-2017-164826,12/28/2017,1/4/2018,Same Day,JF-15415,Jennifer Ferguson,Consumer,United States,New York City,New York,10024,East,OFF-FA-10000585,Office Supplies,Fasteners,OIC Bulk Pack Metal Binder Clips,10.47,3,0.0,4.8162
602,US-2016-100720,7/16/2016,7/21/2016,First Class,CK-12205,Chloris Kastensmidt,Consumer,United States,Philadelphia,Pennsylvania,19120,East,OFF-SU-10001574,Office Supplies,Supplies,Acme Value Line Scissors,2.19,1,0.4,0.0547
609,US-2014-105767,5/23/2014,5/27/2014,Same Day,AR-10510,Andrew Roberts,Consumer,United States,Philadelphia,Pennsylvania,19134,East,OFF-AR-10001246,Office Supplies,Art,Newell 317,25.872,11,0.2,2.9106
795,CA-2014-156433,9/20/2014,9/26/2014,Same Day,ES-14020,Erica Smith,Consumer,United States,San Francisco,California,94110,West,OFF-PA-10003724,Office Supplies,Paper,"Wirebound Message Book, 4 per Page",32.58,6,0.0,15.9642
857,CA-2014-125612,8/3/2014,8/8/2014,Second Class,BK-11260,Berenike Kampe,Consumer,United States,New York City,New York,10035,East,OFF-SU-10002537,Office Supplies,Supplies,Acme Box Cutter Scissors,85.932,12,0.3,9.4525
921,CA-2014-138296,12/5/2014,12/12/2014,First Class,RC-19825,Roy Collins,Consumer,United States,Alexandria,Virginia,22304,South,OFF-ST-10002444,Office Supplies,Storage,Recycled Eldon Regeneration Jumbo File,10.438,1,0.15,2.1398
1024,CA-2015-167269,6/16/2015,6/20/2015,Same Day,PB-19150,Philip Brown,Consumer,United States,Philadelphia,Pennsylvania,19134,East,OFF-EN-10003072,Office Supplies,Envelopes,Peel & Seel Envelopes,11.64,3,0.0,5.238
1042,CA-2016-102981,9/6/2016,9/9/2016,Standard Class,MO-17500,Mary O'Rourke,Consumer,United States,New York City,New York,10035,East,TEC-AC-10004761,Technology,Accessories,Maxell 4.7GB DVD+RW 3/Pack,13.5405,1,0.15,3.7236
1112,US-2016-110156,11/19/2016,11/24/2016,First Class,EH-13945,Eric Hoffmann,Consumer,United States,Houston,Texas,77041,Central,OFF-PA-10004735,Office Supplies,Paper,Xerox 1905,6.48,1,0.0,2.916
1168,CA-2017-145226,12/8/2017,12/10/2017,First Class,DL-13315,Delfina Latchford,Consumer,United States,New York City,New York,10035,East,FUR-FU-10004952,Furniture,Furnishings,"C-Line Cubicle Keepers Polyproplyene Holder w/Velcro Back, 8-1/2x11, 25/Bx",49.266,1,0.1,12.8092
1210,CA-2016-137050,7/14/2016,7/18/2016,First Class,SW-20755,Steven Ward,Corporate,United States,New York City,New York,10009,East,OFF-AR-10004999,Office Supplies,Art,Newell 315,37.674,9,0.3,3.7674
1321,CA-2017-167703,2/3/2017,2/8/2017,Second Class,MC-17575,Matt Collins,Consumer,United States,Cincinnati,Ohio,45231,East,OFF-BI-10002071,Office Supplies,Binders,Fellowes Black Plastic Comb Bindings,19.754,4,0.15,-10.3709
1364,US-2017-155425,11/10/2017,11/11/2017,Standard Class,AB-10600,Ann Blume,Corporate,United States,Tucson,Arizona,85705,West,OFF-BI-10001036,Office Supplies,Binders,Cardinal EasyOpen D-Ring Binders,83.174,13,0.3,-38.8145
1451,US-2015-160150,7/19/2015,7/20/2015,Same Day,TS-21085,Thais Sissman,Consumer,United States,Phoenix,Arizona,85023,West,OFF-BI-10004352,Office Supplies,Binders,Wilson Jones DublLock D-Ring Binders,9.45,2,0.3,-4.41
1461,CA-2015-119907,12/1/2015,12/8/2015,First Class,LC-17140,Logan Currie,Consumer,United States,Seattle,Washington,98103,West,OFF-BI-10001765,Office Supplies,Binders,Wilson Jones Heavy-Duty Casebound Ring Binders with Metal Hinges,24.248,1,0.3,7.2744
1562,CA-2017-107293,9/5/2017,9/6/2017,Same Day,CS-12400,Christopher Schild,Home Office,United States,Seattle,Washington,98115,West,OFF-AR-10003732,Office Supplies,Art,Newell 333,2.224,1,0.2,0.3558
1687,CA-2017-149489,4/24/2017,4/27/2017,Second Class,DK-12835,Damala Kotsonis,Corporate,United States,Philadelphia,Pennsylvania,19143,East,OFF-BI-10002414,Office Supplies,Binders,GBC ProClick Spines for 32-Hole Punch,50.12,4,0.0,-20.8833
1773,CA-2016-129686,11/27/2016,11/29/2016,First Class,GG-14650,Greg Guthrie,Corporate,United States,Chicago,Illinois,60623,Central,TEC-AC-10001266,Technology,Accessories,Memorex Micro Travel Drive 8 GB,72.8,8,0.3,19.11
1842,CA-2016-157763,7/18/2016,7/23/2016,Second Class,KH-16330,Katharine Harms,Corporate,United States,Bowling Green,Kentucky,42104,South,FUR-CH-10000988,Furniture,Chairs,Hon Olson Stacker Stools,253.458,3,0.4,20.2766
1855,CA-2015-160472,7/20/2015,7/25/2015,Standard Class,RK-19300,Ralph Kennedy,Consumer,United States,South Bend,Indiana,46614,Central,OFF-ST-10003442,Office Supplies,Storage,Eldon Portable Mobile Manager,158.368,7,0.2,26.9226
1921,US-2017-111423,8/17/2017,8/19/2017,Standard Class,EH-13765,Edward Hooks,Corporate,United States,Watertown,New York,13601,East,FUR-CH-10003981,Furniture,Chairs,Global Commerce Series Low-Back Swivel/Tilt Chairs,616.752,4,0.4,37.6904
2000,CA-2014-131905,2/6/2014,2/9/2014,Second Class,ND-18460,Neil Ducich,Corporate,United States,Chesapeake,Virginia,23320,South,TEC-PH-10001615,Technology,Phones,AT&T CL82213,142.051,7,0.3,19.8871
2021,CA-2016-168354,9/19/2016,9/21/2016,Second Class,RH-19510,Rick Huthwaite,Home Office,United States,Providence,Rhode Island,2908,East,OFF-ST-10001490,Office Supplies,Storage,"Hot File 7-Pocket, Floor Stand",1427.76,10,0.2,285.552
2117,CA-2015-159786,10/12/2015,10/17/2015,Standard Class,RK-19300,Ralph Kennedy,Consumer,United States,Rochester,New York,14609,East,FUR-TA-10001307,Furniture,Tables,"SAFCO PlanMaster Heigh-Adjustable Drafting Table Base, 43w x 30d x 30-37h, Black",1048.35,3,0.0,139.78
2122,CA-2017-158246,11/9/2017,11/11/2017,Same Day,JB-15400,Jennifer Braxton,Corporate,United States,Sunnyvale,California,94086,West,FUR-CH-10003061,Furniture,Chairs,"Global Leather Task Chair, Black",359.96,5,0.2,-4.4995
2140,CA-2014-159520,6/6/2014,6/11/2014,First Class,GT-14635,Grant Thornton,Corporate,United States,Long Beach,New York,11561,East,OFF-BI-10003982,Office Supplies,Binders,Wilson Jones Century Plastic Molded Ring Binders,207.7,10,0.0,90.8687
2245,CA-2017-103380,11/21/2017,11/25/2017,Same Day,BF-11005,Barry Franz,Home Office,United States,Pasadena,California,91104,West,OFF-FA-10004248,Office Supplies,Fasteners,Advantus T-Pin Paper Clips,16.236,4,0.1,5.5202
2282,CA-2017-142622,10/30/2017,11/2/2017,Same Day,JK-15625,Jim Karlsson,Consumer,United States,Seattle,Washington,98115,West,FUR-BO-10004467,Furniture,Bookcases,Bestar Classic Bookcase,179.982,3,0.4,-1.7998
2374,CA-2016-159940,7/7/2016,7/11/2016,Same Day,BF-11020,Barry Französisch,Corporate,United States,Aurora,Illinois,60505,Central,OFF-PA-10001609,Office Supplies,Paper,Tops Wirebound Message Log Books,26.32,8,0.0,11.186
2384,US-2017-117534,3/25/2017,3/26/2017,Standard Class,CV-12295,Christina VanderZanden,Consumer,United States,Fresno,California,93727,West,OFF-AR-10003087,Office Supplies,Art,Staples in misc. colors,14.24,8,0.0,3.9872
2430,CA-2016-169922,6/11/2016,6/17/2016,Second Class,MZ-17515,Mary Zewe,Corporate,United States,Arlington,Texas,76017,Central,FUR-FU-10004415,Furniture,Furnishings,"Stacking Tray, Side-Loading, Legal, Smoke",24.192,6,0.1,-11.4912
2464,CA-2017-148691,12/3/2017,12/9/2017,Second Class,CS-12460,Chuck Sachs,Consumer,United States,New York City,New York,10009,East,OFF-BI-10001553,Office Supplies,Binders,SpineVue Locking Slant-D Ring Binders by Cardinal,8.226,1,0.1,3.2904
2475,CA-2016-114972,11/3/2016,11/6/2016,Same Day,PF-19225,Phillip Flathmann,Consumer,United States,Los Angeles,California,90032,West,TEC-AC-10000682,Technology,Accessories,Kensington K72356US Mouse-in-a-Box USB Desktop Mouse,39.816,4,0.4,5.9724
2521,CA-2016-124352,10/15/2016,10/21/2016,Second Class,CD-12790,Cynthia Delaney,Home Office,United States,Oklahoma City,Oklahoma,73120,Central,OFF-AP-10002651,Office Supplies,Appliances,Hoover Upright Vacuum With Dirt Cup,1447.65,5,0.0,419.8185
2563,CA-2015-144288,12/25/2015,12/31/2015,Second Class,MB-17305,Maria Bertelson,Consumer,United States,Nashville,Tennessee,37211,South,OFF-PA-10002787,Office Supplies,Paper,Xerox 227,23.328,4,0.1,9.3312
2668,CA-2016-111794,10/1/2016,10/1/2016,First Class,HG-15025,Hunter Glantz,Consumer,United States,Amarillo,Texas,79109,Central,OFF-PA-10000474,Office Supplies,Paper,Easy-staple paper,95.688,3,0.1,37.0791
2793,CA-2014-125514,9/21/2014,9/22/2014,Standard Class,BM-11650,Brian Moss,Corporate,United States,Omaha,Nebraska,68104,Central,OFF-PA-10000029,Office Supplies,Paper,Xerox 224,12.96,2,0.0,6.2208
2846,CA-2017-138163,11/17/2017,11/20/2017,Standard Class,XP-21865,Xylona Preis,Consumer,United States,Everett,Massachusetts,2149,East,OFF-AR-10001958,Office Supplies,Art,Stanley Bostitch Contemporary Electric Pencil Sharpeners,67.92,4,0.0,19.0176
2903,CA-2016-164035,6/12/2016,6/17/2016,Same Day,CR-12730,Craig Reiter,Consumer,United States,Chicago,Illinois,60610,Central,OFF-PA-10002160,Office Supplies,Paper,Xerox 1978,20.808,6,0.4,5.4621
2917,CA-2015-134747,10/12/2015,10/17/2015,Standard Class,DL-12925,Daniel Lacy,Consumer,United States,Noblesville,Indiana,46060,Central,TEC-PH-10001750,Technology,Phones,Samsung Rugby III,138.579,3,0.3,16.6295
3016,US-2015-138919,9/17/2015,9/21/2015,Same Day,LS-16975,Lindsay Shagiari,Home Office,United States,New York City,New York,10035,East,FUR-TA-10004154,Furniture,Tables,"Riverside Furniture Oval Coffee Table, Oval End Table, End Table with Drawer",688.44,3,0.2,-137.688
3028,CA-2014-106719,8/24/2014,8/24/2014,Standard Class,RB-19645,Robert Barroso,Corporate,United States,Billings,Montana,59102,West,OFF-BI-10002799,Office Supplies,Binders,"SlimView Poly Binder, 3/8""",12.432,4,0.4,2.7972
3030,US-2016-164189,3/24/2016,3/28/2016,First Class,DR-12880,Dan Reichenbach,Corporate,United States,Gresham,Oregon,97030,West,TEC-PH-10003691,Technology,Phones,BlackBerry Q10,340.173,3,0.1,38.2695
3204,CA-2014-158372,11/10/2014,11/16/2014,First Class,RD-19900,Ruben Dartt,Consumer,United States,San Diego,California,92037,West,TEC-AC-10004209,Technology,Accessories,Memorex Froggy Flash Drive 4 GB,13.188,2,0.4,2.5057
3215,CA-2016-132409,5/26/2016,6/1/2016,Same Day,TH-21235,Tiffany House,Corporate,United States,Philadelphia,Pennsylvania,19134,East,OFF-AP-10002082,Office Supplies,Appliances,Holmes HEPA Air Purifier,18.513,1,0.15,3.934
3254,CA-2017-110373,10/27/2017,10/30/2017,Standard Class,MA-17560,Matt Abelman,Home Office,United States,Chicago,Illinois,60610,Central,TEC-PH-10001536,Technology,Phones,Spigen Samsung Galaxy S5 Case Wallet,10.194,1,0.4,-0.2548
3273,CA-2015-146038,2/9/2015,2/16/2015,First Class,SJ-20215,Sarah Jordon,Consumer,United States,Los Angeles,California,90049,West,FUR-CH-10002774,Furniture,Chairs,"Global Deluxe Stacking Chair, Gray",163.136,4,0.2,18.3528
3275,CA-2017-116358,11/2/2017,11/6/2017,Second Class,KM-16225,Kalyca Meade,Corporate,United States,Overland Park,Kansas,66212,Central,OFF-FA-10003495,Office Supplies,Fasteners,Staples,10.944,2,0.1,4.9248
3334,CA-2017-122595,12/14/2017,12/20/2017,First Class,GM-14455,Gary Mitchum,Home Office,United States,Chicago,Illinois,60653,Central,FUR-FU-10002963,Furniture,Furnishings,"Master Caster Door Stop, Gray",8.636,2,0.15,-3.6703
3346,CA-2016-145982,8/27/2016,9/1/2016,Standard Class,TB-21055,Ted Butterfield,Consumer,United States,Quincy,Massachusetts,2169,East,OFF-FA-10000735,Office Supplies,Fasteners,Staples,17.52,6,0.0,7.884
3409,US-2014-150119,4/23/2014,4/27/2014,Second Class,LB-16795,Laurel Beltran,Home Office,United States,Columbus,Ohio,43229,East,FUR-FU-10002191,Furniture,Furnishings,G.E. Halogen Desk Lamp Bulbs,17.799,3,0.15,6.6746
3471,US-2016-150035,12/1/2016,12/5/2016,First Class,CL-11890,Carl Ludwig,Consumer,United States,San Francisco,California,94122,West,FUR-FU-10003724,Furniture,Furnishings,Westinghouse Clip-On Gooseneck Lamps,7.533,1,0.1,1.5819
3485,CA-2014-124688,8/27/2014,8/29/2014,Standard Class,CC-12610,Corey Catlett,Corporate,United States,Springfield,Virginia,22153,South,FUR-TA-10003569,Furniture,Tables,Bretford CR8500 Series Meeting Room Furniture,1804.41,5,0.1,360.882
3539,CA-2014-158771,5/9/2014,5/9/2014,First Class,SB-20290,Sean Braxton,Corporate,United States,Henderson,Kentucky,42420,South,OFF-LA-10001641,Office Supplies,Labels,Avery 518,7.56,4,0.4,2.1168
3546,CA-2017-121216,12/23/2017,12/25/2017,First Class,MM-17920,Michael Moore,Consumer,United States,College Station,Texas,77840,Central,OFF-AP-10001947,Office Supplies,Appliances,Acco 6 Outlet Guardian Premium Plus Surge Suppressor,102.592,7,0.2,-230.832
3553,CA-2016-152555,3/29/2016,4/2/2016,First Class,ME-17320,Maria Etezadi,Home Office,United States,Chicago,Illinois,60653,Central,TEC-PH-10001254,Technology,Phones,Jabra BIZ 2300 Duo QD Duo Corded Headset,685.746,9,0.4,-17.1437
3567,CA-2017-103877,9/7/2017,9/14/2017,Second Class,RD-19660,Robert Dilbeck,Home Office,United States,Independence,Missouri,64055,Central,OFF-BI-10003650,Office Supplies,Binders,GBC DocuBind 300 Electric Binding Machine,736.372,2,0.3,243.0028
3573,US-2017-126081,6/29/2017,7/4/2017,Same Day,FC-14335,Fred Chung,Corporate,United States,Mesquite,Texas,75150,Central,OFF-PA-10003953,Office Supplies,Paper,Xerox 218,12.96,2,0.0,5.832
3709,CA-2014-120544,11/23/2014,11/27/2014,First Class,SS-20140,Saphhira Shifley,Corporate,United States,Mesquite,Texas,75150,Central,OFF-AP-10004336,Office Supplies,Appliances,"Conquest 14 Commercial Heavy-Duty Upright Vacuum, Collection System, Accessory Kit",182.272,4,0.2,-410.112
3712,CA-2017-113670,10/15/2017,10/17/2017,Standard Class,RS-19765,Roland Schwarz,Corporate,United States,Los Angeles,California,90045,West,OFF-PA-10000675,Office Supplies,Paper,Xerox 1919,229.544,7,0.2,89.5222
3847,CA-2014-101931,10/28/2014,10/31/2014,Same Day,TS-21370,Todd Sumrall,Corporate,United States,Los Angeles,California,90049,West,OFF-ST-10003442,Office Supplies,Storage,Eldon Portable Mobile Manager,158.368,7,0.2,26.9226
3854,US-2017-131849,6/6/2017,6/10/2017,Same Day,GH-14410,Gary Hansen,Home Office,United States,San Francisco,California,94122,West,FUR-FU-10004164,Furniture,Furnishings,"Eldon 300 Class Desk Accessories, Black",8.91,2,0.1,3.4749
3866,CA-2014-124709,7/27/2014,7/29/2014,Standard Class,GW-14605,Giulietta Weimer,Consumer,United States,San Francisco,California,94122,West,TEC-AC-10002842,Technology,Accessories,WD My Passport Ultra 2TB Portable External Hard Drive,303.45,3,0.15,25.7932
3878,CA-2016-140641,10/28/2016,11/2/2016,Same Day,EP-13915,Emily Phan,Consumer,United States,Tampa,Florida,33614,South,OFF-BI-10001191,Office Supplies,Binders,Canvas Sectional Post Binders,178.22,7,0.0,-62.377
3881,CA-2015-129896,6/15/2015,6/20/2015,Same Day,PF-19120,Peter Fuller,Consumer,United States,Gilbert,Arizona,85234,West,OFF-PA-10002245,Office Supplies,Paper,Xerox 1895,3.588,1,0.4,0.7625
3884,CA-2015-129896,6/15/2015,6/20/2015,Second Class,PF-19120,Peter Fuller,Consumer,United States,Gilbert,Arizona,85234,West,FUR-FU-10002396,Furniture,Furnishings,"DAX Copper Panel Document Frame, 5 x 7 Size",62.9,5,0.0,23.5875
3967,CA-2016-149902,4/1/2016,4/6/2016,Second Class,DW-13540,Don Weiss,Consumer,United States,New York City,New York,10024,East,OFF-AR-10002956,Office Supplies,Art,Boston 16801 Nautilus Battery Pencil Sharpener,112.251,6,0.15,20.7664
4007,US-2015-168732,12/10/2015,12/16/2015,First Class,KM-16660,Khloe Miller,Consumer,United States,Roswell,Georgia,30076,South,OFF-PA-10000520,Office Supplies,Paper,Xerox 201,33.048,6,0.15,13.3844
4028,CA-2017-139311,8/11/2017,8/13/2017,Standard Class,SF-20965,Sylvia Foulston,Corporate,United States,Bedford,Texas,76021,Central,TEC-PH-10001557,Technology,Phones,Pyle PMP37LED,76.792,1,0.2,6.7193
4092,CA-2016-161473,4/1/2016,4/5/2016,First Class,TB-21175,Thomas Boland,Corporate,United States,New York City,New York,10035,East,OFF-BI-10003305,Office Supplies,Binders,Avery Hanging File Binders,7.176,2,0.4,1.6146
4119,CA-2015-153416,11/24/2015,11/29/2015,Same Day,TS-21340,Toby Swindell,Consumer,United States,Los Angeles,California,90036,West,OFF-ST-10000060,Office Supplies,Storage,Fellowes Bankers Box Staxonsteel Drawer File/Stacking System,467.856,9,0.2,9.3571
4153,CA-2017-100160,9/7/2017,9/11/2017,Second Class,CB-12025,Cassandra Brandow,Consumer,United States,Philadelphia,Pennsylvania,19134,East,OFF-PA-10003072,Office Supplies,Paper,"Eureka Recycled Copy Paper 8 1/2"" x 11"", Ream",19.44,5,0.4,4.86
4203,CA-2015-143105,12/10/2015,12/10/2015,Standard Class,MA-17560,Matt Abelman,Home Office,United States,New York City,New York,10024,East,OFF-PA-10002254,Office Supplies,Paper,Xerox 1883,179.384,8,0.15,69.0628
4229,CA-2016-113803,3/24/2016,3/26/2016,Standard Class,VG-21805,Vivek Grady,Corporate,United States,Richmond,Indiana,47374,Central,OFF-PA-10001994,Office Supplies,Paper,"Ink Jet Note and Greeting Cards, 8-1/2"" x 5-1/2"" Card Size",57.324,3,0.15,22.0697
4234,CA-2017-100223,7/5/2017,7/10/2017,Same Day,LS-16945,Linda Southworth,Corporate,United States,Dallas,Texas,75220,Central,OFF-BI-10004492,Office Supplies,Binders,Tuf-Vin Binders,85.266,3,0.1,-110.8458
4237,CA-2016-162404,7/23/2016,7/27/2016,Same Day,NF-18475,Neil Französisch,Home Office,United States,Rockford,Illinois,61107,Central,OFF-BI-10000948,Office Supplies,Binders,"GBC Laser Imprintable Binding System Covers, Desert Sand",68.496,6,0.2,-92.4696
4296,CA-2017-169124,7/3/2017,7/10/2017,First Class,MB-17305,Maria Bertelson,Consumer,United States,Citrus Heights,California,95610,West,FUR-FU-10001215,Furniture,Furnishings,"Howard Miller 11-1/2"" Diameter Brentwood Wall Clock",51.756,2,0.4,11.3863
4412,CA-2014-130624,6/21/2014,6/24/2014,Standard Class,TB-21280,Toby Braunhardt,Consumer,United States,New York City,New York,10024,East,OFF-PA-10003883,Office Supplies,Paper,"Message Book, Phone, Wirebound Standard Line Memo, 2 3/4"" X 5""",29.475,5,0.1,12.0848
4422,CA-2014-117016,3/4/2014,3/9/2014,Same Day,SC-20095,Sanjit Chand,Consumer,United States,Margate,Florida,33063,South,OFF-AR-10001374,Office Supplies,Art,"BIC Brite Liner Highlighters, Chisel Tip",29.16,5,0.1,5.832
4460,US-2017-125717,9/28/2017,10/1/2017,Second Class,DS-13030,Darrin Sayre,Home Office,United States,Aurora,Colorado,80013,West,FUR-FU-10001979,Furniture,Furnishings,Dana Halogen Swing-Arm Architect Lamp,36.873,1,0.1,5.531
4470,CA-2017-168641,11/24/2017,12/1/2017,Same Day,KA-16525,Kelly Andreada,Consumer,United States,New York City,New York,10035,East,OFF-PA-10001972,Office Supplies,Paper,Xerox 214,22.032,4,0.15,8.923
4473,CA-2017-121300,9/29/2017,9/29/2017,Second Class,MG-17680,Maureen Gastineau,Home Office,United States,Mentor,Ohio,44060,East,TEC-AC-10004571,Technology,Accessories,Logitech G700s Rechargeable Gaming Mouse,399.96,4,0.0,149.985
4518,US-2016-128678,9/15/2016,9/20/2016,First Class,RB-19570,Rob Beeghly,Consumer,United States,Seattle,Washington,98105,West,OFF-BI-10002103,Office Supplies,Binders,"Cardinal Slant-D Ring Binder, Heavy Gauge Vinyl",62.568,9,0.2,20.3346
4525,CA-2014-107454,11/2/2014,11/6/2014,Second Class,RD-19720,Roger Demir,Consumer,United States,New York City,New York,10024,East,FUR-FU-10004018,Furniture,Furnishings,Tensor Computer Mounted Lamp,52.115,5,0.3,6.2538
4574,CA-2016-139395,12/12/2016,12/18/2016,First Class,MG-17650,Matthew Grinstein,Home Office,United States,Jackson,Michigan,49201,Central,TEC-PH-10002103,Technology,Phones,Jabra SPEAK 410,761.319,9,0.1,175.1034
4665,CA-2016-116232,9/22/2016,9/26/2016,First Class,AC-10450,Amy Cox,Consumer,United States,Pembroke Pines,Florida,33024,South,OFF-BI-10004022,Office Supplies,Binders,Acco Suede Grain Vinyl Round Ring Binder,25.993,11,0.15,-13.6463
4687,CA-2016-159912,8/29/2016,9/3/2016,Second Class,GB-14530,George Bell,Corporate,United States,Philadelphia,Pennsylvania,19120,East,OFF-FA-10000053,Office Supplies,Fasteners,Revere Boxed Rubber Bands by Revere,13.608,9,0.2,-3.0618
4800,US-2016-148901,5/14/2016,5/19/2016,Second Class,MK-17905,Michael Kennedy,Corporate,United States,Jacksonville,Florida,32216,South,TEC-PH-10003988,Technology,Phones,"LF Elite 3D Dazzle Designer Hard Case Cover, Lf Stylus Pen and Wiper For Apple Iphone 5c Mini Lite",65.4,6,0.0,13.08
4803,US-2016-148901,5/14/2016,5/19/2016,Second Class,MK-17905,Michael Kennedy,Corporate,United States,Jacksonville,Florida,32216,South,OFF-BI-10002309,Office Supplies,Binders,Avery Heavy-Duty EZD  Binder With Locking Rings,33.48,10,0.4,-19.53
4897,CA-2016-135776,12/23/2016,12/30/2016,Second Class,EH-13765,Edward Hooks,Corporate,United States,Seattle,Washington,98103,West,OFF-ST-10003470,Office Supplies,Storage,"Tennsco Snap-Together Open Shelving Units, Starter Sets and Add-On Units",1425.348,6,0.15,-35.6337
4905,US-2014-161613,12/1/2014,12/3/2014,Standard Class,MC-17605,Matt Connell,Corporate,United States,Houston,Texas,77070,Central,FUR-CH-10003746,Furniture,Chairs,Hon 4070 Series Pagoda Round Back Stacking Chairs,1155.528,4,0.1,82.5377
4918,CA-2017-163125,10/9/2017,10/11/2017,Standard Class,MB-17305,Maria Bertelson,Consumer,United States,League City,Texas,77573,Central,FUR-CH-10001802,Furniture,Chairs,Hon Every-Day Chair Series Swivel Task Chairs,145.176,2,0.4,-25.9243
5133,CA-2015-123330,6/21/2015,6/27/2015,First Class,EP-13915,Emily Phan,Consumer,United States,Deltona,Florida,32725,South,TEC-PH-10001819,Technology,Phones,Innergie mMini Combo Duo USB Travel Charging Kit,89.98,2,0.0,40.491
5280,US-2017-104094,9/7/2017,9/11/2017,Same Day,AG-10675,Anna Gayman,Consumer,United States,Milwaukee,Wisconsin,53209,Central,TEC-AC-10002134,Technology,Accessories,Rosewill 107 Normal Keys USB Wired Standard Keyboard,10.784,1,0.2,0.4314
5284,CA-2014-133424,3/30/2014,4/4/2014,Second Class,Dl-13600,Dorris liebe,Corporate,United States,Seattle,Washington,98105,West,OFF-ST-10002957,Office Supplies,Storage,Sterilite Show Offs Storage Containers,10.56,2,0.0,0.0
5285,CA-2014-133424,3/30/2014,4/4/2014,Second Class,Dl-13600,Dorris liebe,Corporate,United States,Seattle,Washington,98105,West,OFF-LA-10002312,Office Supplies,Labels,Avery 490,62.9,5,0.15,26.7325
5332,CA-2016-123120,9/4/2016,9/8/2016,First Class,CV-12295,Christina VanderZanden,Consumer,United States,New York City,New York,10011,East,OFF-BI-10001460,Office Supplies,Binders,Plastic Binding Combs,106.05,7,0.0,46.3969
5367,CA-2017-158071,6/10/2017,6/15/2017,Same Day,BD-11320,Bill Donatelli,Consumer,United States,Seattle,Washington,98103,West,TEC-PH-10002923,Technology,Phones,"Logitech B530 USB Headset - headset - Full size, Binaural",110.97,5,0.4,-1.3871
5535,US-2016-167472,6/6/2016,6/7/2016,Same Day,CK-12595,Clytie Kelty,Consumer,United States,Little Rock,Arkansas,72209,South,OFF-PA-10000157,Office Supplies,Paper,Xerox 191,69.93,5,0.3,22.3776
5547,CA-2017-151008,9/7/2017,9/8/2017,Same Day,JM-16195,Justin MacKendrick,Consumer,United States,Draper,Utah,84020,West,FUR-FU-10002396,Furniture,Furnishings,"DAX Copper Panel Document Frame, 5 x 7 Size",37.74,3,0.0,15.8508
5668,CA-2016-142405,6/11/2016,6/15/2016,Same Day,SE-20110,Sanjit Engle,Consumer,United States,Seattle,Washington,98103,West,OFF-LA-10004093,Office Supplies,Labels,Avery 486,6.579,1,0.1,2.7632
5681,CA-2016-141551,9/24/2016,9/30/2016,Second Class,BP-11230,Benjamin Patterson,Consumer,United States,Broken Arrow,Oklahoma,74012,Central,OFF-BI-10001249,Office Supplies,Binders,Avery Heavy-Duty EZD View Binder with Locking Rings,10.846,2,0.15,4.1757
5709,US-2015-160857,5/8/2015,5/15/2015,Same Day,NW-18400,Natalie Webber,Consumer,United States,New York City,New York,10024,East,OFF-SU-10000157,Office Supplies,Supplies,Compact Automatic Electric Letter Opener,334.068,4,0.3,-43.4288
5795,CA-2017-140186,9/29/2017,10/2/2017,Second Class,PG-18820,Patrick Gardner,Consumer,United States,Bakersfield,California,93309,West,OFF-BI-10003364,Office Supplies,Binders,Binding Machine Supplies,61.257,3,0.3,18.3771
5828,CA-2017-161067,9/3/2017,9/6/2017,Standard Class,KB-16405,Katrina Bavinger,Home Office,United States,New York City,New York,10035,East,FUR-CH-10004860,Furniture,Chairs,Global Low Back Tilter Chair,100.98,1,0.0,0.561
5846,CA-2015-126725,11/17/2015,11/21/2015,Same Day,BS-11665,Brian Stugart,Consumer,United States,San Diego,California,92105,West,OFF-PA-10001639,Office Supplies,Paper,Xerox 203,25.92,4,0.0,12.4416
5847,CA-2015-126725,11/17/2015,11/21/2015,Second Class,BS-11665,Brian Stugart,Consumer,United States,San Diego,California,92105,West,FUR-CH-10001708,Furniture,Chairs,Office Star - Contemporary Swivel Chair with Padded Adjustable Arms and Flex Back,422.94,3,0.0,47.5808
5873,CA-2017-129910,3/30/2017,4/3/2017,Same Day,ME-17320,Maria Etezadi,Home Office,United States,Columbus,Georgia,31907,South,OFF-ST-10003282,Office Supplies,Storage,"Advantus 10-Drawer Portable Organizer, Chrome Metal Frame, Smoke Drawers",41.832,1,0.3,5.4382
5908,US-2016-113985,12/2/2016,12/7/2016,Same Day,KD-16495,Keith Dawkins,Corporate,United States,San Jose,California,95123,West,OFF-BI-10002353,Office Supplies,Binders,GBC VeloBind Cover Sets,61.76,4,0.0,29.336
6043,CA-2016-117912,2/4/2016,2/8/2016,First Class,TB-21520,Tracy Blumstein,Consumer,United States,Sierra Vista,Arizona,85635,West,FUR-FU-10002088,Furniture,Furnishings,Nu-Dell Float Frame 11 x 14 1/2,5.388,1,0.4,0.9429
6070,CA-2017-166695,5/20/2017,5/24/2017,Same Day,CC-12430,Chuck Clark,Home Office,United States,Lakewood,California,90712,West,TEC-MA-10003176,Technology,Machines,Okidata B400 Printer,386.1,1,0.1,62.7413
6110,CA-2016-150007,9/11/2016,9/16/2016,Second Class,AS-10090,Adam Shillingsburg,Consumer,United States,Chicago,Illinois,60653,Central,OFF-BI-10004141,Office Supplies,Binders,Insertable Tab Indexes For Data Binders,10.812,4,0.15,-14.8665
6124,CA-2015-142139,8/31/2015,9/5/2015,Second Class,SD-20485,Shirley Daniels,Home Office,United States,Bedford,Texas,76021,Central,OFF-PA-10003883,Office Supplies,Paper,"Message Book, Phone, Wirebound Standard Line Memo, 2 3/4"" X 5""",22.925,5,0.3,6.3044
6307,CA-2016-163328,11/4/2016,11/6/2016,Standard Class,TP-21565,Tracy Poddar,Corporate,United States,Eugene,Oregon,97405,West,FUR-CH-10003298,Furniture,Chairs,"Office Star - Contemporary Task Swivel chair with Loop Arms, Charcoal",275.058,3,0.3,-51.5734
6319,CA-2017-161459,11/25/2017,11/29/2017,Standard Class,EB-13750,Edward Becker,Corporate,United States,Laguna Niguel,California,92677,West,TEC-PH-10004071,Technology,Phones,PayAnywhere Card Reader,50.949,6,0.15,5.7318
6360,CA-2017-139080,1/23/2017,1/28/2017,First Class,CS-12250,Chris Selesnick,Corporate,United States,Seattle,Washington,98103,West,TEC-PH-10004100,Technology,Phones,Griffin GC17055 Auxiliary Audio Cable,86.352,8,0.4,-0.0
6409,CA-2017-161774,5/14/2017,5/15/2017,Second Class,GT-14710,Greg Tran,Consumer,United States,Houston,Texas,77041,Central,OFF-AR-10001446,Office Supplies,Art,Newell 309,48.51,7,0.4,1.2127
6433,CA-2014-165764,11/3/2014,11/7/2014,Second Class,SH-20395,Shahid Hopkins,Consumer,United States,Jacksonville,North Carolina,28540,South,FUR-FU-10001468,Furniture,Furnishings,Tenex Antistatic Computer Chair Mats,581.332,4,0.15,-58.1332
6458,CA-2014-110065,8/5/2014,8/11/2014,Second Class,SP-20650,Stephanie Phelps,Corporate,United States,New York City,New York,10009,East,OFF-AR-10004165,Office Supplies,Art,"Binney & Smith inkTank Erasable Pocket Highlighter, Chisel Tip, Yellow",17.442,9,0.15,6.3663
6534,US-2017-107384,12/4/2017,12/8/2017,Same Day,TP-21130,Theone Pippenger,Consumer,United States,Rochester,Minnesota,55901,Central,TEC-AC-10001539,Technology,Accessories,Logitech G430 Surround Sound Gaming Headset with Dolby 7.1 Technology,319.96,4,0.0,115.1856
6582,CA-2016-169887,10/22/2016,10/22/2016,Second Class,MS-17530,MaryBeth Skach,Consumer,United States,Seattle,Washington,98105,West,FUR-FU-10003095,Furniture,Furnishings,"Linden 12"" Wall Clock With Oak Frame",47.572,2,0.3,7.1358
6613,CA-2015-107678,4/21/2015,4/28/2015,Same Day,JK-16090,Juliana Krohn,Consumer,United States,Louisville,Kentucky,40214,South,OFF-BI-10002215,Office Supplies,Binders,"Wilson Jones Hanging View Binder, White, 1""",19.88,4,0.3,6.1628
6662,CA-2015-129322,8/8/2015,8/10/2015,Same Day,DB-13405,Denny Blanton,Consumer,United States,Lawrence,Massachusetts,1841,East,OFF-AP-10004336,Office Supplies,Appliances,"Conquest 14 Commercial Heavy-Duty Upright Vacuum, Collection System, Accessory Kit",56.96,1,0.0,16.5184
6714,CA-2017-107629,12/14/2017,12/14/2017,Second Class,DB-13060,Dave Brooks,Consumer,United States,Skokie,Illinois,60076,Central,FUR-FU-10004091,Furniture,Furnishings,"Howard Miller 13"" Diameter Goldtone Round Wall Clock",187.76,4,0.0,-32.858
6740,CA-2014-144029,5/26/2014,5/31/2014,Second Class,MM-18055,Michelle Moray,Consumer,United States,Chicago,Illinois,60623,Central,OFF-ST-10001837,Office Supplies,Storage,"SAFCO Mobile Desk Side File, Wire Frame",72.692,2,0.15,7.2692
6755,CA-2016-154767,6/28/2016,6/30/2016,Standard Class,BP-11155,Becky Pak,Consumer,United States,Paterson,New Jersey,7501,East,OFF-AP-10002311,Office Supplies,Appliances,"Holmes Replacement Filter for HEPA Air Cleaner, Very Large Room, HEPA Filter",275.24,5,0.2,93.5816
6846,CA-2014-147543,7/6/2014,7/12/2014,Second Class,BC-11125,Becky Castell,Home Office,United States,El Cajon,California,92020,West,FUR-CH-10000155,Furniture,Chairs,Global Comet Stacking Armless Chair,269.145,1,0.1,40.3718
6852,US-2016-100461,1/8/2016,1/12/2016,Second Class,JO-15145,Jack O'Briant,Corporate,United States,Franklin,Wisconsin,53132,Central,OFF-BI-10001460,Office Supplies,Binders,Plastic Binding Combs,72.72,6,0.2,26.9064
6863,CA-2017-128965,4/17/2017,4/22/2017,Second Class,PS-18760,Pamela Stobb,Consumer,United States,Los Angeles,California,90008,West,FUR-CH-10003774,Furniture,Chairs,"Global Wood Trimmed Manager's Task Chair, Khaki",145.568,2,0.2,-12.7372
6884,CA-2015-137113,12/1/2015,12/5/2015,First Class,TW-21025,Tamara Willingham,Home Office,United States,Seattle,Washington,98105,West,OFF-PA-10002222,Office Supplies,Paper,"Xerox Color Copier Paper, 11"" x 17"", Ream",82.224,4,0.1,33.7118
6968,CA-2016-157161,7/16/2016,7/20/2016,First Class,JD-15895,Jonathan Doherty,Corporate,United States,Columbia,South Carolina,29203,South,OFF-PA-10001461,Office Supplies,Paper,HP Office Paper (20Lb. and 87 Bright),66.132,11,0.1,28.4368
7011,US-2014-135881,5/23/2014,5/27/2014,Same Day,GT-14710,Greg Tran,Consumer,United States,New York City,New York,10035,East,OFF-BI-10000829,Office Supplies,Binders,Avery Non-Stick Binders,28.287,7,0.1,10.6076
7065,CA-2017-169474,2/4/2017,2/9/2017,Second Class,JF-15355,Jay Fein,Consumer,United States,Rochester,New York,14609,East,OFF-AP-10003971,Office Supplies,Appliances,Belkin 6 Outlet Metallic Surge Strip,18.513,2,0.15,3.4249
7075,CA-2016-112256,7/23/2016,7/28/2016,Same Day,CK-12205,Chloris Kastensmidt,Consumer,United States,Mcallen,Texas,78501,Central,OFF-BI-10004364,Office Supplies,Binders,Storex Dura Pro Binders,17.82,3,0.0,-24.057
7106,CA-2017-128944,6/19/2017,6/21/2017,Same Day,KH-16330,Katharine Harms,Corporate,United States,Newark,Ohio,43055,East,FUR-FU-10004909,Furniture,Furnishings,Contemporary Wood/Metal Frame,27.472,2,0.15,5.8378
7122,CA-2017-166926,12/1/2017,12/8/2017,Second Class,SO-20335,Sean O'Donnell,Consumer,United States,Seattle,Washington,98105,West,OFF-PA-10001593,Office Supplies,Paper,Xerox 1947,38.272,8,0.2,13.3952
7188,CA-2017-133102,8/17/2017,8/24/2017,Second Class,ED-13885,Emily Ducich,Home Office,United States,Houston,Texas,77095,Central,FUR-FU-10003247,Furniture,Furnishings,36X48 HARDFLOOR CHAIRMAT,12.588,1,0.4,-15.4203
7203,CA-2016-120369,10/28/2016,10/28/2016,First Class,VB-21745,Victoria Brennan,Corporate,United States,Rochester,New York,14609,East,FUR-FU-10003806,Furniture,Furnishings,"Tenex Chairmat w/ Average Lip, 45"" x 53""",635.712,7,0.4,-63.5712
7598,CA-2014-131947,9/17/2014,9/22/2014,Second Class,JA-15970,Joseph Airdo,Consumer,United States,Springfield,Oregon,97477,West,OFF-AR-10001473,Office Supplies,Art,Newell 313,6.888,3,0.3,0.2583
7712,CA-2017-139353,10/28/2017,10/30/2017,Same Day,JM-15250,Janet Martin,Consumer,United States,Fayetteville,North Carolina,28314,South,FUR-FU-10001876,Furniture,Furnishings,"Computer Room Manger, 14""",138.04,5,0.15,31.059
7784,CA-2016-162236,11/4/2016,11/6/2016,Same Day,ER-13855,Elpida Rittenbach,Corporate,United States,Charlotte,North Carolina,28205,South,FUR-TA-10002533,Furniture,Tables,BPI Conference Tables,1606.55,11,0.0,-214.2067
7887,CA-2017-118017,12/3/2017,12/6/2017,First Class,LC-16870,Lena Cacioppo,Consumer,United States,Thornton,Colorado,80229,West,FUR-FU-10004270,Furniture,Furnishings,"Eldon Image Series Desk Accessories, Burgundy",20.064,6,0.2,4.0128
7892,CA-2016-148684,12/25/2016,12/29/2016,Second Class,TS-21655,Trudy Schmidt,Consumer,United States,Fayetteville,Arkansas,72701,South,FUR-FU-10003553,Furniture,Furnishings,"Howard Miller 13-1/2"" Diameter Rosebrook Wall Clock",220.064,4,0.2,66.0192
7949,CA-2014-131009,3/1/2014,3/5/2014,Same Day,SC-20380,Shahid Collister,Consumer,United States,El Paso,Texas,79907,Central,FUR-CH-10001270,Furniture,Chairs,Harbour Creations Steel Folding Chair,258.75,5,0.4,-12.9375
7951,CA-2014-131009,3/1/2014,3/5/2014,Second Class,SC-20380,Shahid Collister,Consumer,United States,El Paso,Texas,79907,Central,OFF-ST-10001469,Office Supplies,Storage,Fellowes Bankers Box Recycled Super Stor/Drawer,151.144,4,0.3,-34.0074
7963,CA-2017-104864,11/18/2017,11/23/2017,First Class,JS-15685,Jim Sink,Corporate,United States,Miramar,Florida,33023,South,OFF-BI-10001636,Office Supplies,Binders,Ibico Plastic and Wire Spiral Binding Combs,35.406,7,0.4,-23.0139
8106,CA-2017-159149,2/17/2017,2/19/2017,Second Class,CR-12820,Cyra Reiten,Home Office,United States,Houston,Texas,77041,Central,FUR-BO-10001601,Furniture,Bookcases,"Sauder Mission Library with Doors, Fruitwood Finish",261.96,2,0.0,-8.167
8136,CA-2015-121776,2/16/2015,2/21/2015,Second Class,RD-19585,Rob Dowd,Consumer,United States,Los Angeles,California,90008,West,OFF-LA-10002762,Office Supplies,Labels,Avery 485,95.8545,9,0.15,37.8625
8170,CA-2017-107174,11/6/2017,11/13/2017,Same Day,AB-10060,Adam Bellavance,Home Office,United States,Seattle,Washington,98105,West,FUR-CH-10003312,Furniture,Chairs,Hon 2090 Pillow Soft Series Mid Back Swivel/Tilt Chairs,955.332,4,0.15,-131.3582
8189,CA-2015-140375,10/2/2015,10/5/2015,First Class,SG-20470,Sheri Gordon,Consumer,United States,Rockville,Maryland,20852,East,OFF-PA-10001870,Office Supplies,Paper,Xerox 202,25.92,4,0.0,12.4416
8243,CA-2014-109855,9/1/2014,9/5/2014,Same Day,LH-16900,Lena Hernandez,Consumer,United States,New York City,New York,10009,East,TEC-AC-10002842,Technology,Accessories,WD My Passport Ultra 2TB Portable External Hard Drive,238.0,2,0.0,38.08
8354,CA-2017-132199,5/3/2017,5/8/2017,Second Class,BO-11350,Bill Overfelt,Corporate,United States,Philadelphia,Pennsylvania,19134,East,FUR-TA-10003748,Furniture,Tables,Bevis 36 x 72 Conference Tables,672.246,6,0.1,-100.8369
8460,CA-2014-126200,8/25/2014,8/29/2014,Same Day,JE-15715,Joe Elijah,Consumer,United States,Houston,Texas,77070,Central,OFF-BI-10002225,Office Supplies,Binders,"Square Ring Data Binders, Rigid 75 Pt. Covers, 11"" x 14-7/8""",103.2,5,0.0,-123.84
8461,CA-2014-146500,8/30/2014,9/4/2014,Same Day,AT-10735,Annie Thurman,Consumer,United States,Bristol,Connecticut,6010,East,OFF-BI-10002432,Office Supplies,Binders,Wilson Jones Standard D-Ring Binders,18.216,6,0.4,4.9183
8545,CA-2016-119074,3/27/2016,3/31/2016,Same Day,DS-13180,David Smith,Corporate,United States,Columbus,Georgia,31907,South,FUR-FU-10004053,Furniture,Furnishings,DAX Two-Tone Silver Metal Document Frame,51.612,3,0.15,18.3223
8553,CA-2014-140473,5/30/2014,6/3/2014,Second Class,MC-17425,Mark Cousins,Corporate,United States,Chicago,Illinois,60623,Central,TEC-CO-10004202,Technology,Copiers,Brother DCP1000 Digital 3 in 1 Multifunction Machine,1274.9575,5,0.15,270.9285
8573,CA-2014-121629,11/28/2014,12/2/2014,Same Day,BT-11680,Brian Thompson,Consumer,United States,Houston,Texas,77041,Central,TEC-MA-10004679,Technology,Machines,StarTech.com 10/100 VDSL2 Ethernet Extender Kit,2097.585,7,0.1,-104.8793
8710,CA-2014-119144,11/16/2014,11/18/2014,Same Day,JD-16150,Justin Deggeller,Corporate,United States,Los Angeles,California,90008,West,FUR-BO-10004015,Furniture,Bookcases,"Bush Andora Bookcase, Maple/Graphite Gray Finish",287.976,4,0.4,-12.2813
8718,CA-2016-120824,6/12/2016,6/16/2016,First Class,AW-10930,Arthur Wiediger,Home Office,United States,Houston,Texas,77070,Central,FUR-FU-10001424,Furniture,Furnishings,Dax Clear Box Frame,31.428,4,0.1,-12.5712
8905,US-2016-126431,7/1/2016,7/1/2016,Standard Class,SU-20665,Stephanie Ulpright,Home Office,United States,New York City,New York,10009,East,OFF-LA-10001474,Office Supplies,Labels,Avery 477,54.954,2,0.1,22.5311
9117,CA-2017-153045,1/19/2017,1/24/2017,Standard Class,NS-18505,Neola Schneider,Consumer,United States,Philadelphia,Pennsylvania,19140,East,FUR-FU-10002759,Furniture,Furnishings,12-1/2 Diameter Round Wall Clock,67.932,4,0.15,15.2847
9306,CA-2015-137603,9/19/2015,9/24/2015,Second Class,MH-17290,Marc Harrigan,Home Office,United States,Santa Fe,New Mexico,87505,West,OFF-AR-10001972,Office Supplies,Art,Newell 323,7.056,7,0.4,0.4234
9338,CA-2014-155264,10/19/2014,10/22/2014,Same Day,RP-19270,Rachel Payne,Corporate,United States,San Francisco,California,94110,West,OFF-BI-10003196,Office Supplies,Binders,Accohide Poly Flexible Ring Binders,9.537,3,0.15,3.8148
9420,CA-2017-152926,10/2/2017,10/4/2017,First Class,SC-20695,Steve Chapman,Corporate,United States,Houston,Texas,77041,Central,OFF-AP-10004708,Office Supplies,Appliances,Fellowes Superior 10 Outlet Split Surge Protector,32.351,1,0.15,-71.981
9500,CA-2017-118213,11/5/2017,11/7/2017,Same Day,AB-10060,Adam Bellavance,Home Office,United States,Greenwood,Indiana,46142,Central,OFF-PA-10003673,Office Supplies,Paper,Strathmore Photo Mount Cards,36.612,9,0.4,9.5191
9507,CA-2014-149104,4/5/2014,4/7/2014,Standard Class,RD-19900,Ruben Dartt,Consumer,United States,Dearborn Heights,Michigan,48127,Central,OFF-AR-10002952,Office Supplies,Art,Stanley Contemporary Battery Pencil Sharpeners,34.0425,3,0.15,6.9787
9556,CA-2015-111612,11/28/2015,12/2/2015,Second Class,EB-14110,Eugene Barchas,Consumer,United States,Columbus,Ohio,43229,East,OFF-FA-10003021,Office Supplies,Fasteners,Staples,5.264,4,0.3,0.7238
9599,CA-2015-149517,9/19/2015,9/23/2015,Second Class,FC-14245,Frank Carlisle,Home Office,United States,Sacramento,California,95823,West,FUR-FU-10003464,Furniture,Furnishings,"Seth Thomas 8 1/2"" Cubicle Clock",40.56,2,0.0,12.9792
9609,CA-2017-117128,12/5/2017,12/8/2017,Standard Class,BF-11080,Bart Folk,Consumer,United States,New York City,New York,10024,East,OFF-LA-10000248,Office Supplies,Labels,Avery 52,7.38,2,0.0,3.4686
9717,US-2016-144477,8/12/2016,8/14/2016,Same Day,DB-13270,Deborah Brumfield,Home Office,United States,Philadelphia,Pennsylvania,19134,East,OFF-AR-10000914,Office Supplies,Art,Boston 16765 Mini Stand Up Battery Pencil Sharpener,58.3,5,0.0,10.2025
9977,US-2016-103674,12/6/2016,12/10/2016,Second Class,AP-10720,Anne Pryor,Home Office,United States,Los Angeles,California,90032,West,TEC-PH-10002496,Technology,Phones,Cisco SPA301,421.173,3,0.1,73.7053
9995,CA-2018-150488,1/21/2018,1/27/2018,Standard Class,SC-20380,Shahid Collister,Consumer,United States,Saint Louis,Missouri,63116,Central,OFF-PA-10002968,Office Supplies,Paper,Xerox 1973,1606.4,5,0.0,-319.7857
9996,CA-2018-147739,1/16/2018,1/20/2018,Second Class,RP-19390,Resi Pölking,Consumer,United States,Sparks,Nevada,89431,West,FUR-FU-10004597,Furniture,Furnishings,Eldon Cleatmat Chair Mats for Medium Pile Carpets,616.35,6,0.3,164.2008
9997,US-2018-166469,1/12/2018,1/12/2018,Same Day,LT-16765,Larry Tron,Consumer,United States,Layton,Utah,84041,West,TEC-PH-10003811,Technology,Phones,Jabra Supreme Plus Driver Edition Headset,1517.616,6,0.2,159.2387
9998,CA-2018-155108,1/24/2018,1/24/2018,Same Day,KM-16225,Kalyca Meade,Corporate,United States,Thomasville,North Carolina,27360,South,FUR-FU-10001967,Furniture,Furnishings,Telescoping Adjustable Floor Lamp,545.034,3,0.3,12.7218
9999,CA-2018-139829,1/12/2018,1/18/2018,Standard Class,EM-13825,Elizabeth Moffitt,Corporate,United States,Lakewood,Ohio,44107,East,OFF-EN-10004030,Office Supplies,Envelopes,Convenience Packs of Business Envelopes,1353.086,7,0.3,-30.8002
10000,US-2018-157954,1/24/2018,1/30/2018,Standard Class,GM-14695,Greg Maxwell,Corporate,United States,Florence,Kentucky,41042,South,FUR-FU-10002088,Furniture,Furnishings,Nu-Dell Float Frame 11 x 14 1/2,2393.68,8,0.0,-105.1244
10001,US-2018-112240,1/27/2018,2/2/2018,Standard Class,HG-14845,Harry Greene,Consumer,United States,Orange,New Jersey,7050,East,FUR-TA-10004289,Furniture,Tables,BoxOffice By Design Rectangular and Half-Moon Meeting Room Tables,1822.5,5,0.0,-216.7961
10002,CA-2018-132092,1/18/2018,1/22/2018,Second Class,TH-21115,Thea Hudgings,Corporate,United States,Margate,Florida,33063,South,FUR-BO-10004690,Furniture,Bookcases,O'Sullivan Cherrywood Estates Traditional Barrister Bookcase,2557.888,8,0.2,298.2983
10003,US-2018-164799,1/15/2018,1/21/2018,Standard Class,SB-20290,Sean Braxton,Corporate,United States,Chandler,Arizona,85224,West,OFF-BI-10003196,Office Supplies,Binders,Accohide Poly Flexible Ring Binders,1207.68,3,0.0,329.9893
10004,CA-2018-155724,1/10/2018,1/16/2018,Standard Class,PR-18880,Patrick Ryan,Consumer,United States,Redding,California,96003,West,OFF-AR-10002053,Office Supplies,Art,"Premium Writing Pencils, Soft, #2 by Central Association for the Blind",2034.96,8,0.0,619.8661
10005,CA-2018-159829,1/7/2018,1/7/2018,Same Day,MJ-17740,Max Jones,Consumer,United States,Burbank,California,91505,West,TEC-PH-10003535,Technology,Phones,RCA ViSYS 25423RE1 Corded phone,1338.192,6,0.2,261.7513
10006,US-2018-171810,1/17/2018,1/23/2018,Standard Class,DB-13405,Denny Blanton,Consumer,United States,Tempe,Arizona,85281,West,OFF-SU-10002557,Office Supplies,Supplies,Fiskars Spring-Action Scissors,784.384,8,0.2,-50.2148
10007,US-2018-168327,1/18/2018,1/24/2018,Standard Class,SM-20950,Suzanne McNair,Corporate,United States,Lafayette,Indiana,47905,Central,OFF-ST-10000617,Office Supplies,Storage,Woodgrain Magazine Files by Perma,169.0,5,0.2,-7.2416
10008,US-2018-144020,1/13/2018,1/17/2018,Second Class,BD-11500,Bradley Drucker,Consumer,United States,Salt Lake City,Utah,84106,West,FUR-CH-10004218,Furniture,Chairs,"Global Fabric Manager's Chair, Dark Gray",330.66,3,0.0,60.0718
10009,CA-2018-108418,1/16/2018,1/16/2018,Same Day,TS-21655,Trudy Schmidt,Consumer,United States,Newark,Delaware,19711,East,OFF-EN-10000781,Office Supplies,Envelopes,"#10- 4 1/8"" x 9 1/2"" Recycled Envelopes",898.548,6,0.3,-148.9378
10010,US-2018-151049,1/27/2018,1/31/2018,Second Class,MG-18205,Mitch Gastineau,Corporate,United States,Rockville,Maryland,20852,East,OFF-BI-10003910,Office Supplies,Binders,DXL Angle-View Binders with Locking Rings by Samsill,59.416,7,0.2,-0.3881
10011,US-2018-154921,1/20/2018,1/26/2018,Standard Class,MH-18025,Michelle Huthwaite,Consumer,United States,Niagara Falls,New York,14304,East,TEC-AC-10002049,Technology,Accessories,Logitech G19 Programmable Gaming Keyboard,1029.12,8,0.0,69.0571
10012,US-2018-144057,1/24/2018,1/24/2018,Same Day,KB-16240,Karen Bern,Corporate,United States,Saint Peters,Missouri,63376,Central,OFF-AP-10002906,Office Supplies,Appliances,Hoover Replacement Belt for Commercial Guardsman Heavy-Duty Upright Vacuum,994.656,3,0.2,337.5833
10013,CA-2018-151645,1/21/2018,1/25/2018,Second Class,FM-14215,Filia McAdams,Corporate,United States,Sparks,Nevada,89431,West,OFF-LA-10002787,Office Supplies,Labels,Avery 480,108.768,2,0.2,5.8663
10014,CA-2018-134099,1/15/2018,1/17/2018,First Class,BF-11170,Ben Ferrer,Home Office,United States,Houston,Texas,77041,Central,OFF-AR-10004956,Office Supplies,Art,Newell 33,487.904,4,0.2,106.6931
10015,US-2018-136471,1/27/2018,1/27/2018,Same Day,SH-20395,Shahid Hopkins,Consumer,United States,Saint Cloud,Minnesota,56301,Central,OFF-PA-10003919,Office Supplies,Paper,Xerox 1989,1079.4,5,0.0,228.7932
10016,CA-2018-145870,1/10/2018,1/14/2018,Second Class,NS-18505,Neola Schneider,Consumer,United States,Orange,New Jersey,7050,East,TEC-PH-10003442,Technology,Phones,Samsung Replacement EH64AVFWE Premium Headset,427.73,1,0.0,-38.6461
10017,CA-2018-181439,1/7/2018,1/13/2018,Standard Class,NS-18640,Noel Staavos,Corporate,United States,Wheeling,West Virginia,26003,East,OFF-PA-10000349,Office Supplies,Paper,Easy-staple paper,729.36,3,0.2,80.3633
10018,CA-2018-160952,1/25/2018,1/27/2018,First Class,DO-13435,Denny Ordway,Consumer,United States,Ontario,California,91761,West,TEC-MA-10001148,Technology,Machines,Okidata MB491 Multifunction Printer,1654.8,6,0.0,546.1735
10019,CA-2018-121465,1/12/2018,1/16/2018,Second Class,DC-13285,Debra Catini,Consumer,United States,Hackensack,New Jersey,7601,East,OFF-BI-10002813,Office Supplies,Binders,Avery Reinforcements for Hole-Punch Pages,236.25,1,0.1,70.7366
10020,US-2018-151990,1/25/2018,1/31/2018,Standard Class,JJ-15445,Jennifer Jackson,Consumer,United States,Burbank,California,91505,West,TEC-PH-10003580,Technology,Phones,Cisco IP Phone 7961G-GE VoIP phone,438.55,2,0.3,63.5824
10021,CA-2018-191382,1/27/2018,1/29/2018,First Class,TB-21520,Tracy Blumstein,Consumer,United States,Bloomington,Illinois,61701,Central,TEC-AC-10003832,Technology,Accessories,Imation 16GB Mini TravelDrive USB 2.0 Flash Drive,495.488,2,0.3,-4.4782
10022,US-2018-186706,1/14/2018,1/18/2018,Second Class,GM-14680,Greg Matthias,Consumer,United States,Springfield,Oregon,97477,West,TEC-AC-10004877,Technology,Accessories,Imation 30456 USB Flash Drive 8GB,2301.06,6,0.0,580.516
10023,CA-2018-156822,1/14/2018,1/14/2018,Same Day,DK-12985,Darren Koutras,Consumer,United States,Wausau,Wisconsin,54401,Central,OFF-PA-10000743,Office Supplies,Paper,Xerox 1977,206.04,3,0.2,17.9174
10024,US-2018-180728,1/28/2018,1/28/2018,Same Day,JM-15265,Janet Molinari,Corporate,United States,Monroe,North Carolina,28110,South,OFF-BI-10000145,Office Supplies,Binders,Zipper Ring Binder Pockets,2387.008,8,0.2,300.4313
10025,US-2018-132177,1/5/2018,1/7/2018,First Class,SC-20020,Sam Craven,Consumer,United States,New York City,New York,10011,East,OFF-PA-10004039,Office Supplies,Paper,Xerox 1882,2717.68,8,0.0,308.2319
10026,US-2018-144092,1/3/2018,1/3/2018,Same Day,GK-14620,Grace Kelly,Corporate,United States,Chicago,Illinois,60653,Central,FUR-TA-10004152,Furniture,Tables,"Barricks 18"" x 48"" Non-Folding Utility Table with Bottom Storage Shelf",1341.0,6,0.0,-6.4988
10027,US-2018-144608,1/11/2018,1/13/2018,First Class,CS-11860,Cari Schnelling,Consumer,United States,Fort Lauderdale,Florida,33311,South,TEC-MA-10002412,Technology,Machines,Cisco TelePresence System EX90 Videoconferencing Unit,298.928,1,0.3,-45.7099
10028,US-2018-164038,1/20/2018,1/26/2018,Standard Class,LW-16825,Laurel Workman,Corporate,United States,Seattle,Washington,98103,West,OFF-BI-10002827,Office Supplies,Binders,Avery Durable Poly Binders,1318.976,8,0.2,-251.2863
10029,US-2018-129045,1/15/2018,1/21/2018,Standard Class,MB-17305,Maria Bertelson,Consumer,United States,Rockford,Illinois,61107,Central,OFF-BI-10004187,Office Supplies,Binders,3-ring staple pack,598.885,5,0.3,62.5297
10030,US-2018-155771,1/26/2018,1/28/2018,First Class,JK-15640,Jim Kriz,Home Office,United States,Manhattan,Kansas,66502,Central,OFF-EN-10003862,Office Supplies,Envelopes,Laser & Ink Jet Business Envelopes,613.2,6,0.2,-37.8516
10031,CA-2018-194540,1/9/2018,1/11/2018,First Class,TC-21475,Tony Chapman,Home Office,United States,Richmond,Indiana,47374,Central,OFF-BI-10003460,Office Supplies,Binders,Acco 3-Hole Punch,599.606,2,0.3,107.6832
10032,CA-2018-128361,1/26/2018,1/26/2018,Same Day,SC-20770,Stewart Carmichael,Corporate,United States,Tucson,Arizona,85705,West,TEC-PH-10000169,Technology,Phones,ARKON Windshield Dashboard Air Vent Car Mount Holder,1538.81,5,0.3,136.2621
10033,US-2018-113176,1/9/2018,1/11/2018,First Class,PR-18880,Patrick Ryan,Consumer,United States,Columbia,Maryland,21044,East,OFF-BI-10001071,Office Supplies,Binders,GBC ProClick Punch Binding System,314.316,4,0.1,-60.4173
10034,CA-2018-135954,1/4/2018,1/8/2018,Second Class,BM-11650,Brian Moss,Corporate,United States,Springdale,Arkansas,72762,South,OFF-EN-10004773,Office Supplies,Envelopes,Staple envelope,1449.7,5,0.0,310.2875
10035,CA-2018-101607,1/21/2018,1/23/2018,First Class,HF-14995,Herbert Flentye,Consumer,United States,Logan,Utah,84321,West,OFF-AR-10004757,Office Supplies,Art,Crayola Colored Pencils,1297.216,8,0.2,-127.9055
10036,CA-2018-133092,1/18/2018,1/22/2018,Second Class,RW-19630,Rob Williams,Corporate,United States,Gilbert,Arizona,85234,West,FUR-FU-10001847,Furniture,Furnishings,Eldon Image Series Black Desk Accessories,360.56,2,0.2,42.3159
10037,CA-2018-119887,1/7/2018,1/9/2018,First Class,MC-18100,Mick Crebagga,Consumer,United States,Las Cruces,New Mexico,88001,West,OFF-BI-10001553,Office Supplies,Binders,SpineVue Locking Slant-D Ring Binders by Cardinal,120.72,2,0.0,26.612
10038,CA-2018-168494,1/15/2018,1/15/2018,Same Day,JK-15730,Joe Kamberova,Consumer,United States,Grapevine,Texas,76051,Central,TEC-AC-10002049,Technology,Accessories,Logitech G19 Programmable Gaming Keyboard,2794.968,8,0.1,962.9145
10039,US-2018-174531,1/22/2018,1/26/2018,Second Class,LS-17230,Lycoris Saunders,Consumer,United States,Visalia,California,93277,West,TEC-AC-10003023,Technology,Accessories,Logitech G105 Gaming Keyboard,568.96,2,0.0,-30.9768
10040,CA-2018-120585,1/10/2018,1/16/2018,Standard Class,AH-10195,Alan Haines,Corporate,United States,Boynton Beach,Florida,33437,South,TEC-AC-10003832,Technology,Accessories,Imation 16GB Mini TravelDrive USB 2.0 Flash Drive,18.36,2,0.0,0.8772
10041,US-2018-138175,1/4/2018,1/10/2018,Standard Class,IL-15100,Ivan Liston,Consumer,United States,Morgan Hill,California,95037,West,TEC-CO-10001943,Technology,Copiers,Canon PC-428 Personal Copier,1434.24,5,0.1,71.3064
10042,CA-2018-134675,1/28/2018,2/3/2018,Standard Class,NF-18595,Nicole Fjeld,Home Office,United States,Lakewood,Ohio,44107,East,OFF-AR-10002399,Office Supplies,Art,"Dixon Prang Watercolor Pencils, 10-Color Set with Brush",1740.9,7,0.0,271.927
10043,US-2018-118643,1/5/2018,1/9/2018,Second Class,AO-10810,Anthony O'Donnell,Corporate,United States,Quincy,Massachusetts,2169,East,FUR-FU-10002885,Furniture,Furnishings,Magna Visual Magnetic Picture Hangers,731.727,3,0.1,185.37
10044,US-2018-157560,1/6/2018,1/6/2018,Same Day,IG-15085,Ivan Gibson,Consumer,United States,Alexandria,Virginia,22304,South,OFF-FA-10001883,Office Supplies,Fasteners,"Alliance Super-Size Bands, Assorted Sizes",1698.64,5,0.2,127.8391
10045,US-2018-157377,1/5/2018,1/9/2018,Second Class,AR-10510,Andrew Roberts,Consumer,United States,Dallas,Texas,75217,Central,OFF-AP-10002534,Office Supplies,Appliances,3.6 Cubic Foot Counter Height Office Refrigerator,1731.492,7,0.1,-321.6667
10046,CA-2018-188381,1/21/2018,1/25/2018,Second Class,IL-15100,Ivan Liston,Consumer,United States,Parma,Ohio,44134,East,FUR-BO-10001337,Furniture,Bookcases,O'Sullivan Living Dimensions 2-Shelf Bookcases,90.23,5,0.3,19.485
10047,US-2018-168021,1/23/2018,1/23/2018,Same Day,DB-13120,David Bremer,Corporate,United States,Richmond,Virginia,23223,South,FUR-BO-10001811,Furniture,Bookcases,"Atlantic Metals Mobile 5-Shelf Bookcases, Custom Colors",2243.25,5,0.0,89.1394
10048,US-2018-111959,1/18/2018,1/20/2018,First Class,BP-11290,Beth Paige,Consumer,United States,Burbank,California,91505,West,OFF-AR-10002818,Office Supplies,Art,Panasonic KP-310 Heavy-Duty Electric Pencil Sharpener,944.433,7,0.1,-134.5534
10049,CA-2018-143228,1/16/2018,1/16/2018,Same Day,GR-14560,Georgia Rosenberg,Corporate,United States,Waynesboro,Virginia,22980,South,OFF-PA-10002137,Office Supplies,Paper,"Southworth 100% Résumé Paper, 24lb.",1470.4,5,0.2,150.7941
10050,US-2018-111542,1/13/2018,1/15/2018,First Class,LC-17140,Logan Currie,Consumer,United States,Montebello,California,90640,West,OFF-LA-10000973,Office Supplies,Labels,Avery 502,2620.92,6,0.0,58.4368
10051,CA-2018-186200,1/20/2018,1/20/2018,Same Day,KS-16300,Karen Seio,Corporate,United States,Roswell,Georgia,30076,South,OFF-PA-10001001,Office Supplies,Paper,"Snap-A-Way Black Print Carbonless Speed Message, No Reply Area, Duplicate",636.37,7,0.0,-0.65
10052,US-2018-181973,1/17/2018,1/21/2018,Second Class,DB-13615,Doug Bickford,Consumer,United States,Great Falls,Montana,59405,West,OFF-AR-10004930,Office Supplies,Art,Turquoise Lead Holder with Pocket Clip,902.736,4,0.1,280.0468
10053,US-2018-191521,1/18/2018,1/22/2018,Second Class,CM-12655,Corinna Mitchell,Home Office,United States,Watertown,New York,13601,East,OFF-FA-10002975,Office Supplies,Fasteners,Staples,252.91,1,0.3,48.1491
10054,US-2018-172199,1/3/2018,1/3/2018,Same Day,RO-19780,Rose O'Brian,Consumer,United States,Thornton,Colorado,80229,West,FUR-TA-10003469,Furniture,Tables,Balt Split Level Computer Training Table,893.16,2,0.0,269.8338
10055,US-2018-115396,1/23/2018,1/29/2018,Standard Class,MK-18160,Mike Kennedy,Consumer,United States,Madison,Wisconsin,53711,Central,TEC-CO-10001766,Technology,Copiers,Canon PC940 Copier,1677.024,8,0.1,-83.2077
10056,US-2018-161894,1/10/2018,1/10/2018,Same Day,SP-20545,Sibella Parks,Corporate,United States,Columbia,Maryland,21044,East,OFF-AR-10003481,Office Supplies,Art,Newell 348,221.4,3,0.2,28.7062
10057,CA-2018-109150,1/11/2018,1/11/2018,Same Day,AB-10060,Adam Bellavance,Home Office,United States,Everett,Washington,98208,West,OFF-EN-10001415,Office Supplies,Envelopes,Staple envelope,529.578,6,0.3,-105.1684
10058,US-2018-176931,1/21/2018,1/21/2018,Same Day,SJ-20125,Sanjit Jacobs,Home Office,United States,Lehi,Utah,84043,West,OFF-SU-10001935,Office Supplies,Supplies,Staple remover,590.52,3,0.2,-6.0126
10059,US-2018-159682,1/13/2018,1/19/2018,Standard Class,BD-11605,Brian Dahlen,Consumer,United States,Richmond,Virginia,23223,South,OFF-BI-10001989,Office Supplies,Binders,Premium Transparent Presentation Covers by GBC,496.356,4,0.3,134.4167
10060,US-2018-105720,1/13/2018,1/13/2018,Same Day,JM-15250,Janet Martin,Consumer,United States,Ann Arbor,Michigan,48104,Central,OFF-PA-10003657,Office Supplies,Paper,Xerox 1927,2491.328,7,0.2,587.4963
10061,CA-2018-164923,1/4/2018,1/10/2018,Standard Class,TW-21025,Tamara Willingham,Home Office,United States,Spokane,Washington,99207,West,OFF-BI-10001922,Office Supplies,Binders,Storex Dura Pro Binders,2366.34,6,0.0,99.7848
10062,US-2018-102011,1/26/2018,2/1/2018,Standard Class,RA-19945,Ryan Akin,Consumer,United States,Redding,California,96003,West,OFF-BI-10001759,Office Supplies,Binders,"Acco Pressboard Covers with Storage Hooks, 14 7/8"" x 11"", Dark Blue",287.49,7,0.0,66.0764
10063,US-2018-144375,1/22/2018,1/22/2018,Same Day,JA-15970,Joseph Airdo,Consumer,United States,Ontario,California,91761,West,FUR-CH-10001394,Furniture,Chairs,Global Leather Executive Chair,692.514,2,0.1,188.8058
10064,US-2018-141505,1/23/2018,1/23/2018,Same Day,TZ-21580,Tracy Zic,Consumer,United States,Temecula,California,92592,West,FUR-FU-10002379,Furniture,Furnishings,Eldon Econocleat Chair Mats for Low Pile Carpets,26.768,1,0.3,3.9386
10065,US-2018-129817,1/26/2018,1/30/2018,Second Class,MB-18085,Mick Brown,Consumer,United States,Hempstead,New York,11550,East,OFF-AR-10003477,Office Supplies,Art,4009 Highlighters,2408.56,7,0.0,450.7378
10066,CA-2018-158153,1/8/2018,1/10/2018,First Class,CW-11905,Carl Weiss,Home Office,United States,Woonsocket,Rhode Island,2895,East,TEC-PH-10002624,Technology,Phones,Samsung Galaxy S4 Mini,151.37,1,0.0,-25.6019
10067,US-2018-149131,1/16/2018,1/22/2018,Standard Class,CY-12745,Craig Yedwab,Corporate,United States,Redmond,Washington,98052,West,FUR-TA-10002622,Furniture,Tables,"Bush Andora Conference Table, Maple/Graphite Gray Finish",532.364,4,0.3,93.1585
10068,CA-2018-122280,1/8/2018,1/12/2018,Second Class,AG-10900,Arthur Gainer,Consumer,United States,Port Orange,Florida,32127,South,OFF-PA-10001952,Office Supplies,Paper,Xerox 1902,1518.755,7,0.3,111.958
10069,CA-2018-130433,1/17/2018,1/19/2018,First Class,RE-19450,Richard Eichhorn,Consumer,United States,Columbia,Missouri,65203,Central,OFF-BI-10004182,Office Supplies,Binders,Economy Binders,2179.728,8,0.1,641.7113
10070,US-2018-137700,1/24/2018,1/30/2018,Standard Class,EB-14110,Eugene Barchas,Consumer,United States,Norfolk,Nebraska,68701,Central,OFF-AR-10004441,Office Supplies,Art,BIC Brite Liner Highlighters,681.264,2,0.2,233.8155
10071,US-2018-183746,1/16/2018,1/18/2018,First Class,CM-11815,Candace McMahon,Corporate,United States,Jupiter,Florida,33458,South,FUR-FU-10001424,Furniture,Furnishings,Dax Clear Box Frame,691.56,8,0.1,8.0092
10072,US-2018-113979,1/10/2018,1/10/2018,Same Day,JE-16165,Justin Ellison,Corporate,United States,Paterson,New Jersey,7501,East,OFF-ST-10002301,Office Supplies,Storage,Tennsco Commercial Shelving,582.876,6,0.3,107.6009
10073,CA-2018-186275,1/15/2018,1/17/2018,First Class,SW-20245,Scot Wooten,Consumer,United States,New Brunswick,New Jersey,8901,East,TEC-PH-10001448,Technology,Phones,Anker Astro 15000mAh USB Portable Charger,273.252,1,0.3,62.321
10074,CA-2018-179482,1/26/2018,1/26/2018,Same Day,LB-16795,Laurel Beltran,Home Office,United States,Wichita,Kansas,67212,Central,OFF-PA-10000477,Office Supplies,Paper,Xerox 22,1381.6,5,0.0,-8.5984
10075,CA-2018-181381,1/11/2018,1/17/2018,Standard Class,NG-18430,Nathan Gelder,Consumer,United States,Muskogee,Oklahoma,74403,Central,OFF-BI-10001900,Office Supplies,Binders,"DXL Angle-View Binders with Locking Rings, Black",289.1,2,0.0,12.2731
10076,US-2018-195991,1/7/2018,1/11/2018,Second Class,FW-14395,Fred Wasserman,Corporate,United States,Dearborn,Michigan,48126,Central,OFF-ST-10002292,Office Supplies,Storage,"Sauder Facets Collection Locker/File Cabinet, Sky Alder Finish",1522.755,5,0.1,-157.4498
10077,CA-2018-170701,1/14/2018,1/16/2018,First Class,RE-19450,Richard Eichhorn,Consumer,United States,Wilmington,Delaware,19805,East,FUR-CH-10000553,Furniture,Chairs,"Metal Folding Chairs, Beige, 4/Carton",1112.427,3,0.1,355.2016
10078,US-2018-197853,1/13/2018,1/17/2018,Second Class,DB-13060,Dave Brooks,Consumer,United States,Dublin,California,94568,West,FUR-FU-10004053,Furniture,Furnishings,DAX Two-Tone Silver Metal Document Frame,561.68,8,0.0,186.2391
10079,US-2018-173048,1/14/2018,1/18/2018,Second Class,TS-21430,Tom Stivers,Corporate,United States,Marlborough,Massachusetts,1752,East,TEC-PH-10003691,Technology,Phones,BlackBerry Q10,874.23,7,0.0,-115.4213
10080,US-2018-188188,1/26/2018,1/28/2018,First Class,DG-13300,Deirdre Greer,Corporate,United States,Auburn,Washington,98002,West,OFF-PA-10000994,Office Supplies,Paper,Xerox 1915,352.107,7,0.1,-25.1397
10081,CA-2018-181205,1/20/2018,1/22/2018,First Class,ME-18010,Michelle Ellison,Corporate,United States,Alexandria,Virginia,22304,South,FUR-FU-10003708,Furniture,Furnishings,"Tenex Traditional Chairmats for Medium Pile Carpet, Standard Lip, 36"" x 48""",1155.4,4,0.0,63.9481
10082,US-2018-185097,1/16/2018,1/20/2018,Second Class,KF-16285,Karen Ferguson,Home Office,United States,Indianapolis,Indiana,46203,Central,OFF-EN-10001141,Office Supplies,Envelopes,"Manila Recycled Extra-Heavyweight Clasp Envelopes, 6"" x 9""",1278.75,3,0.0,-41.6866
10083,US-2018-115220,1/6/2018,1/12/2018,Standard Class,DB-13360,Dennis Bolton,Home Office,United States,Oak Park,Michigan,48237,Central,FUR-CH-10003061,Furniture,Chairs,"Global Leather Task Chair, Black",500.424,3,0.2,84.4553
10084,US-2018-176983,1/26/2018,2/1/2018,Standard Class,JL-15850,John Lucas,Consumer,United States,Sanford,Florida,32771,South,FUR-TA-10000198,Furniture,Tables,Chromcraft Bull-Nose Wood Oval Conference Tables & Bases,2635.43,7,0.0,365.2936
10085,US-2018-104288,1/25/2018,1/27/2018,First Class,IL-15100,Ivan Liston,Consumer,United States,Independence,Missouri,64055,Central,FUR-TA-10000849,Furniture,Tables,Bevis Rectangular Conference Tables,654.592,4,0.2,-45.9118
10086,US-2018-113022,1/24/2018,1/26/2018,First Class,SW-20245,Scot Wooten,Consumer,United States,Eau Claire,Wisconsin,54703,Central,OFF-PA-10002615,Office Supplies,Paper,"Ampad Gold Fibre Wirebound Steno Books, 6"" x 9"", Gregg Ruled",1103.88,6,0.0,-105.5368
10087,CA-2018-159600,1/5/2018,1/11/2018,Standard Class,FH-14365,Fred Hopkins,Corporate,United States,Miami,Florida,33180,South,TEC-AC-10002942,Technology,Accessories,WD My Passport Ultra 1TB Portable External Hard Drive,355.76,1,0.0,-23.4934
10088,CA-2018-174000,1/9/2018,1/13/2018,Second Class,SV-20365,Seth Vernon,Consumer,United States,Overland Park,Kansas,66212,Central,TEC-PH-10002200,Technology,Phones,Samsung Galaxy Note 2,289.66,4,0.3,80.6218
10089,US-2018-119340,1/28/2018,2/1/2018,Second Class,Dp-13240,Dean percer,Home Office,United States,Hagerstown,Maryland,21740,East,FUR-TA-10001950,Furniture,Tables,Balt Solid Wood Round Tables,2222.45,5,0.0,215.841
10090,CA-2018-114408,1/24/2018,1/28/2018,Second Class,KB-16600,Ken Brennan,Corporate,United States,Nashville,Tennessee,37211,South,OFF-EN-10004955,Office Supplies,Envelopes,Fashion Color Clasp Envelopes,499.02,3,0.0,116.5897
10091,US-2018-102068,1/8/2018,1/10/2018,First Class,GM-14695,Greg Maxwell,Corporate,United States,Hot Springs,Arkansas,71901,South,OFF-ST-10002574,Office Supplies,Storage,"SAFCO Commercial Wire Shelving, Black",335.84,1,0.0,30.0063
10092,CA-2018-162422,1/17/2018,1/19/2018,First Class,VW-21775,Victoria Wilson,Corporate,United States,Leominster,Massachusetts,1453,East,TEC-MA-10002937,Technology,Machines,"Canon Color ImageCLASS MF8580Cdw Wireless Laser All-In-One Printer, Copier, Scanner",369.12,2,0.2,118.1105
10093,CA-2018-195321,1/28/2018,1/30/2018,First Class,HF-14995,Herbert Flentye,Consumer,United States,The Colony,Texas,75056,Central,TEC-PH-10000562,Technology,Phones,Samsung Convoy 3,279.04,8,0.0,17.7023
10094,US-2018-155872,1/24/2018,1/28/2018,Second Class,TA-21385,Tom Ashbrook,Home Office,United States,Port Orange,Florida,32127,South,OFF-PA-10001846,Office Supplies,Paper,Xerox 1899,259.072,8,0.2,-40.3026
10095,CA-2018-108609,1/7/2018,1/9/2018,First Class,SM-20320,Sean Miller,Home Office,United States,Lodi,California,95240,West,OFF-AR-10000034,Office Supplies,Art,"BIC Brite Liner Grip Highlighters, Assorted, 5/Pack",2148.624,6,0.2,197.2571
10096,US-2018-166263,1/22/2018,1/22/2018,Same Day,AR-10825,Anthony Rawles,Corporate,United States,Bayonne,New Jersey,7002,East,FUR-CH-10001854,Furniture,Chairs,Office Star - Professional Matrix Back Chair with 2-to-1 Synchro Tilt and Mesh Fabric Seat,769.86,2,0.0,121.6411
10097,CA-2018-156370,1/17/2018,1/23/2018,Standard Class,CM-12445,Chuck Magee,Consumer,United States,Oak Park,Illinois,60302,Central,OFF-EN-10001539,Office Supplies,Envelopes,Staple envelope,2354.436,7,0.1,45.4444
10098,CA-2018-140966,1/16/2018,1/18/2018,First Class,AB-10255,Alejandro Ballentine,Home Office,United States,Boise,Idaho,83704,West,FUR-CH-10001708,Furniture,Chairs,Office Star - Contemporary Swivel Chair with Padded Adjustable Arms and Flex Back,1932.705,5,0.1,343.5413
10099,US-2018-108799,1/5/2018,1/9/2018,Second Class,MK-17905,Michael Kennedy,Corporate,United States,Columbus,Indiana,47201,Central,OFF-AR-10004602,Office Supplies,Art,Boston KS Multi-Size Manual Pencil Sharpener,81.088,2,0.2,16.7315
10100,CA-2018-172924,1/4/2018,1/6/2018,First Class,AM-10705,Anne McFarland,Consumer,United States,Saint Charles,Illinois,60174,Central,OFF-SU-10003936,Office Supplies,Supplies,Acme Serrated Blade Letter Opener,262.864,2,0.2,43.6189
10101,US-2018-194510,1/4/2018,1/6/2018,First Class,MC-17425,Mark Cousins,Corporate,United States,Phoenix,Arizona,85023,West,TEC-MA-10001148,Technology,Machines,Okidata MB491 Multifunction Printer,242.055,5,0.1,19.141
10102,CA-2018-186079,1/18/2018,1/24/2018,Standard Class,MS-17710,Maurice Satty,Consumer,United States,New York City,New York,10024,East,OFF-EN-10004030,Office Supplies,Envelopes,Convenience Packs of Business Envelopes,686.988,2,0.1,1.4829
10103,US-2018-175248,1/10/2018,1/10/2018,Same Day,JG-15805,John Grady,Corporate,United States,Parma,Ohio,44134,East,OFF-FA-10000304,Office Supplies,Fasteners,Advantus Push Pins,293.062,1,0.3,75.0835
10104,US-2018-103794,1/8/2018,1/10/2018,First Class,JK-15205,Jamie Kunitz,Consumer,United States,Fort Lauderdale,Florida,33311,South,FUR-CH-10002758,Furniture,Chairs,"Hon Deluxe Fabric Upholstered Stacking Chairs, Squared Back",734.175,5,0.1,-73.5841
10105,CA-2018-174228,1/24/2018,1/24/2018,Same Day,BE-11410,Bobby Elias,Consumer,United States,Monroe,Louisiana,71203,South,TEC-AC-10002942,Technology,Accessories,WD My Passport Ultra 1TB Portable External Hard Drive,671.02,2,0.0,224.4533
10106,CA-2018-197794,1/19/2018,1/25/2018,Standard Class,LO-17170,Lori Olson,Corporate,United States,Tallahassee,Florida,32303,South,FUR-FU-10004848,Furniture,Furnishings,"Howard Miller 13-3/4"" Diameter Brushed Chrome Round Wall Clock",1167.656,7,0.2,-132.4413
10107,US-2018-194581,1/13/2018,1/17/2018,Second Class,DB-13210,Dean Braden,Consumer,United States,San Bernardino,California,92404,West,OFF-AR-10003405,Office Supplies,Art,"Dixon My First Ticonderoga Pencil, #2",77.58,1,0.0,10.8465
10108,CA-2018-135665,1/17/2018,1/17/2018,Same Day,JW-15220,Jane Waco,Corporate,United States,Hamilton,Ohio,45011,East,FUR-FU-10002456,Furniture,Furnishings,"Master Caster Door Stop, Large Neon Orange",1138.928,8,0.3,-56.671
10109,CA-2018-145242,1/16/2018,1/20/2018,Second Class,JS-16030,Joy Smith,Consumer,United States,West Allis,Wisconsin,53214,Central,OFF-EN-10004955,Office Supplies,Envelopes,Fashion Color Clasp Envelopes,780.815,5,0.3,130.3359
10110,CA-2018-128903,1/15/2018,1/19/2018,Second Class,TS-21655,Trudy Schmidt,Consumer,United States,San Gabriel,California,91776,West,OFF-PA-10003823,Office Supplies,Paper,Xerox 197,141.23,1,0.0,-11.8381
10111,CA-2018-133491,1/12/2018,1/14/2018,First Class,CL-11890,Carl Ludwig,Consumer,United States,Bullhead City,Arizona,86442,West,FUR-TA-10000688,Furniture,Tables,"Chromcraft Bull-Nose Wood Round Conference Table Top, Wood Base",455.68,2,0.0,16.7965
10112,CA-2018-149834,1/20/2018,1/26/2018,Standard Class,AC-10660,Anna Chung,Consumer,United States,Springfield,Ohio,45503,East,OFF-FA-10001754,Office Supplies,Fasteners,Stockwell Gold Paper Clips,1101.06,6,0.0,229.1556
10113,US-2018-102456,1/17/2018,1/21/2018,Second Class,Co-12640,Corey-Lock,Consumer,United States,College Station,Texas,77840,Central,OFF-LA-10000407,Office Supplies,Labels,Avery White Multi-Purpose Labels,830.508,6,0.3,18.6304
10114,US-2018-137947,1/6/2018,1/6/2018,Same Day,SC-20845,Sung Chung,Consumer,United States,Manhattan,Kansas,66502,Central,OFF-BI-10001072,Office Supplies,Binders,"GBC Clear Cover, 8-1/2 x 11, unpunched, 25 covers per pack",75.573,1,0.1,24.2731
